congress_id,session_id,vote,vote_url,result,question_description,reference_issue,reference_issue_url,issue,issue_url,date
103,2,328 (68-32),http://www.senate.gov/legislative/LIS/roll_call_lists/roll_call_vote_cfm.cfm?congress=103&session=2&vote=00328,Agreed to,On the Motion: motion to waive budget act with respect to H.R. 5110; A bill to approve and implement the trade agreements concluded in the Uruguay Round of multilateral trade negotiations.,"",,H.R. 5110,http://hdl.loc.gov/loc.uscongress/legislation.103hr5110,Dec 01
103,2,326 (68-23),http://www.senate.gov/legislative/LIS/roll_call_lists/roll_call_vote_cfm.cfm?congress=103&session=2&vote=00326,Agreed to,"On the Cloture Motion: MOTION TO INVOKE CLOTURE CONFERENCE REPORT S.21; A bill to designate certain lands in the California Desert as wilderness, to establish Death Valley, Joshua Tree, and Mojave National Parks, and for other purposes.","",,S. 21,http://hdl.loc.gov/loc.uscongress/legislation.103s21,Oct 08
103,2,324 (88-0),http://www.senate.gov/legislative/LIS/roll_call_lists/roll_call_vote_cfm.cfm?congress=103&session=2&vote=00324,Agreed to,On the Motion to Proceed: motion to proceed to consideration; A bill to end the practice of imposing unfunded Federal mandates on States and local governments and to ensure that the Federal Government pays the costs incurred by those governments in complying with certain requirements under Federal statutes and regulations.,"",,S. 993,http://hdl.loc.gov/loc.uscongress/legislation.103s993,Oct 06
103,2,321 (77-20),http://www.senate.gov/legislative/LIS/roll_call_lists/roll_call_vote_cfm.cfm?congress=103&session=2&vote=00321,Agreed to,On the Conference Report: h.r.6 conference report; A bill to extend for six years the authorizations of appropriations for the programs under the Elementary and Secondary Education Act of 1965 and for other purposes.,"",,H.R. 6,http://hdl.loc.gov/loc.uscongress/legislation.103hr6,Oct 05
103,2,320 (75-24),http://www.senate.gov/legislative/LIS/roll_call_lists/roll_call_vote_cfm.cfm?congress=103&session=2&vote=00320,Agreed to,On the Cloture Motion: motion to invoke cloture conference report H.R. 6; A bill to extend for six years the authorizations of appropriations for the programs under the Elementary and Secondary Education Act of 1965 and for other purposes.,"",,H.R. 6,http://hdl.loc.gov/loc.uscongress/legislation.103hr6,Oct 05
103,2,318 (85-12),http://www.senate.gov/legislative/LIS/roll_call_lists/roll_call_vote_cfm.cfm?congress=103&session=2&vote=00318,Agreed to,On the Cloture Motion: motion to invoke cloture nomination of h. lee sarokin,"",,PN1354,https://www.congress.gov/nomination/103th-congress/1354,Oct 04
103,2,316 (63-32),http://www.senate.gov/legislative/LIS/roll_call_lists/roll_call_vote_cfm.cfm?congress=103&session=2&vote=00316,Agreed to,On the Cloture Motion: Cloture motion on the nomination of Ricki R. Tigert,"",,PN876-1,https://www.congress.gov/nomination/103th-congress/876-1,Oct 03
103,2,315 (76-19),http://www.senate.gov/legislative/LIS/roll_call_lists/roll_call_vote_cfm.cfm?congress=103&session=2&vote=00315,Agreed to,On the Motion for Attendance: Motion to Instruct Sgt-at-Arms,"",,PN876-1,https://www.congress.gov/nomination/103th-congress/876-1,Oct 03
103,2,312 (89-11),http://www.senate.gov/legislative/LIS/roll_call_lists/roll_call_vote_cfm.cfm?congress=103&session=2&vote=00312,Agreed to,"On the Conference Report: conference report h..4556; A bill making appropriations for the Department of Transportation and related agencies for the fiscal year ending September 30, 1995, and for other purposes.","",,H.R. 4556,http://hdl.loc.gov/loc.uscongress/legislation.103hr4556,Sep 29
103,2,311 (92-7),http://www.senate.gov/legislative/LIS/roll_call_lists/roll_call_vote_cfm.cfm?congress=103&session=2&vote=00311,Agreed to,"On the Conference Report: h.r.4602 conference report; A bill making appropriations for the Department of the Interior and related agencies for the fiscal year ending September 30, 1995, and for other purposes.","",,H.R. 4602,http://hdl.loc.gov/loc.uscongress/legislation.103hr4602,Sep 28
103,2,310 (83-16),http://www.senate.gov/legislative/LIS/roll_call_lists/roll_call_vote_cfm.cfm?congress=103&session=2&vote=00310,Agreed to,"On the Conference Report: Conference report on H.R. 4606; A bill making appropriations for the Departments of Labor, Health and Human Services, and Education, and related agencies, for the fiscal year ending September 30, 1995, and for other purposes.","",,H.R. 4606,http://hdl.loc.gov/loc.uscongress/legislation.103hr4606,Sep 27
103,2,306 (90-9),http://www.senate.gov/legislative/LIS/roll_call_lists/roll_call_vote_cfm.cfm?congress=103&session=2&vote=00306,Agreed to,"On the Conference Report: h.r.4624 conference report; A bill making appropriations for the Departments of Veterans Affairs and Housing and Urban Development, and for sundry independent agencies, boards, commissions, corporations, and offices for the fiscal year ending September 30, 1995, and for other purposes.","",,H.R. 4624,http://hdl.loc.gov/loc.uscongress/legislation.103hr4624,Sep 27
103,2,305 (73-20),http://www.senate.gov/legislative/LIS/roll_call_lists/roll_call_vote_cfm.cfm?congress=103&session=2&vote=00305,Agreed to,"On the Cloture Motion: Cloture motion on motion to disagree to House amdts. to S. 21; A bill to designate certain lands in the California Desert as wilderness, to establish Death Valley, Joshua Tree, and Mojave National Parks, and for other purposes.","",,S. 21,http://hdl.loc.gov/loc.uscongress/legislation.103s21,Sep 23
103,2,304 (93-0),http://www.senate.gov/legislative/LIS/roll_call_lists/roll_call_vote_cfm.cfm?congress=103&session=2&vote=00304,Agreed to,"On the Motion: motion to disagree to House amendments; A bill entitled the ""Congressional Spending Limit and Election Reform Act of 1993"".","",,S. 3,http://hdl.loc.gov/loc.uscongress/legislation.103s3,Sep 23
103,2,303 (96-2),http://www.senate.gov/legislative/LIS/roll_call_lists/roll_call_vote_cfm.cfm?congress=103&session=2&vote=00303,Agreed to,"On the Cloture Motion: cloture motion on motion to disagree to house amdts. to s.3; A bill entitled the ""Congressional Spending Limit and Election Reform Act of 1993"".","",,S. 3,http://hdl.loc.gov/loc.uscongress/legislation.103s3,Sep 22
103,2,302 (71-27),http://www.senate.gov/legislative/LIS/roll_call_lists/roll_call_vote_cfm.cfm?congress=103&session=2&vote=00302,Agreed to,"On the Conference Report: Conference Report to H.R. 4649; A bill making appropriations for the government of the District of Columbia and other activities chargeable in whole or in part against the revenues of said District for the fiscal year ending September 30, 1995, and for other purposes.","",,H.R. 4649,http://hdl.loc.gov/loc.uscongress/legislation.103hr4649,Sep 21
103,2,301 (94-5),http://www.senate.gov/legislative/LIS/roll_call_lists/roll_call_vote_cfm.cfm?congress=103&session=2&vote=00301,Agreed to,"On the Resolution: s.res.259; A resolution commending the President and the special delegation to Haiti, and supporting the United States Armed Forces in Haiti.","",,S.Res. 259,http://hdl.loc.gov/loc.uscongress/legislation.103sres259,Sep 21
103,2,299 (74-19),http://www.senate.gov/legislative/LIS/roll_call_lists/roll_call_vote_cfm.cfm?congress=103&session=2&vote=00299,Agreed to,On the Motion for Attendance: Motion to Instruct the Sgt. at Arms,"",,PN1372,https://www.congress.gov/nomination/103th-congress/1372,Sep 14
103,2,298 (94-4),http://www.senate.gov/legislative/LIS/roll_call_lists/roll_call_vote_cfm.cfm?congress=103&session=2&vote=00298,Agreed to,"On the Conference Report: h.r.3841 conference report; A bill to amend the Bank Holding Company Act of 1956, the Revised Statutes of the United States, and the Federal Deposit Insurance Act to provide for interstate banking and branching.","",,H.R. 3841,http://hdl.loc.gov/loc.uscongress/legislation.103hr3841,Sep 13
103,2,297 (80-18),http://www.senate.gov/legislative/LIS/roll_call_lists/roll_call_vote_cfm.cfm?congress=103&session=2&vote=00297,Agreed to,"On the Conference Report: S. 2182 Conference Report; An Act to authoirze appropriations for fiscal year 1995 for military activities of the Department of Defense, for military construction, and for defense programs of the Department of Energy, to prescribe personnel strengths for such fiscal year for the Armed Forces, and for other purposes.","",,S. 2182,http://hdl.loc.gov/loc.uscongress/legislation.103s2182,Sep 13
103,2,296 (97-1),http://www.senate.gov/legislative/LIS/roll_call_lists/roll_call_vote_cfm.cfm?congress=103&session=2&vote=00296,Agreed to,"On the Motion to Proceed: motion to proceed to consideration of conference report to h.r.3841; A bill to amend the Bank Holding Company Act of 1956, the Revised Statutes of the United States, and the Federal Deposit Insurance Act to provide for interstate banking and branching.","",,H.R. 3841,http://hdl.loc.gov/loc.uscongress/legislation.103hr3841,Sep 13
103,2,295 (61-38),http://www.senate.gov/legislative/LIS/roll_call_lists/roll_call_vote_cfm.cfm?congress=103&session=2&vote=00295,Agreed to,"On the Conference Report: Conference report on H.R. 3355; A bill to amend the Omnibus Crime Control and Safe Streets Act of 1968 to allow grants to increase police presence, to expand and improve cooperative efforts between law enforcement agencies and members of the community to address crime and disorder problems, and otherwise to enhance public safety.","",,H.R. 3355,http://hdl.loc.gov/loc.uscongress/legislation.103hr3355,Aug 25
103,2,294 (61-38),http://www.senate.gov/legislative/LIS/roll_call_lists/roll_call_vote_cfm.cfm?congress=103&session=2&vote=00294,Agreed to,"On the Cloture Motion: cloture motion on conference report to accompany h.r.3355; A bill to amend the Omnibus Crime Control and Safe Streets Act of 1968 to allow grants to increase police presence, to expand and improve cooperative efforts between law enforcement agencies and members of the community to address crime and disorder problems, and otherwise to enhance public safety.","",,H.R. 3355,http://hdl.loc.gov/loc.uscongress/legislation.103hr3355,Aug 25
103,2,293 (61-39),http://www.senate.gov/legislative/LIS/roll_call_lists/roll_call_vote_cfm.cfm?congress=103&session=2&vote=00293,Agreed to,"On the Motion: motion to waive C.B.A. re: conference report to accompany h.r.3355; A bill to amend the Omnibus Crime Control and Safe Streets Act of 1968 to allow grants to increase police presence, to expand and improve cooperative efforts between law enforcement agencies and members of the community to address crime and disorder problems, and otherwise to enhance public safety.","",,H.R. 3355,http://hdl.loc.gov/loc.uscongress/legislation.103hr3355,Aug 25
103,2,292 (88-10),http://www.senate.gov/legislative/LIS/roll_call_lists/roll_call_vote_cfm.cfm?congress=103&session=2&vote=00292,Agreed to,"On the Conference Report: conference report h.r.4603; A bill making appropriations for the Departments of Commerce, Justice, and State, the Judiciary, and related agencies programs for the fiscal year ending September 30, 1995, and making supplemental appropriations for these departments and agencies for the fiscal year ending September 30, 1994, and for other purposes.","",,H.R. 4603,http://hdl.loc.gov/loc.uscongress/legislation.103hr4603,Aug 19
103,2,291 (100-0),http://www.senate.gov/legislative/LIS/roll_call_lists/roll_call_vote_cfm.cfm?congress=103&session=2&vote=00291,Agreed to,On the Amendment S.Amdt. 2568: mack amdt. no. 2568; To assure that decisions critical to the health and well-being of all Americans be made with public knowledge and not in secret.,S.Amdt. 2568,http://hdl.loc.gov/loc.uscongress/legislation.103samdt2568,S. 2351,http://hdl.loc.gov/loc.uscongress/legislation.103s2351,Aug 18
103,2,290 (94-4),http://www.senate.gov/legislative/LIS/roll_call_lists/roll_call_vote_cfm.cfm?congress=103&session=2&vote=00290,Agreed to,On the Amendment S.Amdt. 2564: daschle amdt. no. 2564; To improve the access of individuals in rural areas to quality health care.,S.Amdt. 2564,http://hdl.loc.gov/loc.uscongress/legislation.103samdt2564,S. 2351,http://hdl.loc.gov/loc.uscongress/legislation.103s2351,Aug 18
103,2,289 (100-0),http://www.senate.gov/legislative/LIS/roll_call_lists/roll_call_vote_cfm.cfm?congress=103&session=2&vote=00289,Agreed to,On the Amendment S.Amdt. 2563: NICKLES AMDT NO. 2563; To provide for general enforcement of employer requirements.,S.Amdt. 2563,http://hdl.loc.gov/loc.uscongress/legislation.103samdt2563,S. 2351,http://hdl.loc.gov/loc.uscongress/legislation.103s2351,Aug 17
103,2,288 (55-42),http://www.senate.gov/legislative/LIS/roll_call_lists/roll_call_vote_cfm.cfm?congress=103&session=2&vote=00288,Agreed to,On the Amendment S.Amdt. 2561: dodd amdt. no. 2561; To promote early and effective health care services for pregnant women and children.,S.Amdt. 2561,http://hdl.loc.gov/loc.uscongress/legislation.103samdt2561,S. 2351,http://hdl.loc.gov/loc.uscongress/legislation.103s2351,Aug 16
103,2,287 (78-16),http://www.senate.gov/legislative/LIS/roll_call_lists/roll_call_vote_cfm.cfm?congress=103&session=2&vote=00287,Agreed to,"On the Motion for Attendance: Motion to instruct sgt. at arms; An original bill to achieve universal health insurance coverage, and for other purposes.","",,S. 2351,http://hdl.loc.gov/loc.uscongress/legislation.103s2351,Aug 15
103,2,284 (99-0),http://www.senate.gov/legislative/LIS/roll_call_lists/roll_call_vote_cfm.cfm?congress=103&session=2&vote=00284,Agreed to,"On the Amendment S.Amdt. 2556: warner amdt no. 2556; To establish a commission on the roles and capabilities of the United States intelligence community, and for other purposes.",S.Amdt. 2556,http://hdl.loc.gov/loc.uscongress/legislation.103samdt2556,S. 2082,http://hdl.loc.gov/loc.uscongress/legislation.103s2082,Aug 12
103,2,283 (99-0),http://www.senate.gov/legislative/LIS/roll_call_lists/roll_call_vote_cfm.cfm?congress=103&session=2&vote=00283,Agreed to,"On the Amendment S.Amdt. 2557: DeConciniamdt. no.2557; To require a review of the National Reconnaissance Office Headquarters Building project, the application of existing DOD procurement and contracting procedures to the construction of buildings or facilities, and specific congressional authorization and appropriations for the project before more funds are expended.",S.Amdt. 2557,http://hdl.loc.gov/loc.uscongress/legislation.103samdt2557,S. 2082,http://hdl.loc.gov/loc.uscongress/legislation.103s2082,Aug 12
103,2,280 (58-42),http://www.senate.gov/legislative/LIS/roll_call_lists/roll_call_vote_cfm.cfm?congress=103&session=2&vote=00280,Agreed to,"On the Amendment S.Amdt. 2479: dole amdt. no. 2479; To provide for the termination of the United States arms embargo of the Government of Bosnia and Herzegovina no later than November 15, 1994.",S.Amdt. 2479,http://hdl.loc.gov/loc.uscongress/legislation.103samdt2479,H.R. 4650,http://hdl.loc.gov/loc.uscongress/legislation.103hr4650,Aug 11
103,2,279 (56-44),http://www.senate.gov/legislative/LIS/roll_call_lists/roll_call_vote_cfm.cfm?congress=103&session=2&vote=00279,Agreed to,On the Amendment S.Amdt. 2524: Nunn Amdt. no. 2524; To express the sense of Congress concerning the international efforts to end the conflict in Bosnia and Hercegovina and to establish a process to end the arms embargo on the Government of Bosnia and Hercegovina.,S.Amdt. 2524,http://hdl.loc.gov/loc.uscongress/legislation.103samdt2524,H.R. 4650,http://hdl.loc.gov/loc.uscongress/legislation.103hr4650,Aug 11
103,2,278 (54-44),http://www.senate.gov/legislative/LIS/roll_call_lists/roll_call_vote_cfm.cfm?congress=103&session=2&vote=00278,Agreed to,On the Amendment S.Amdt. 2538: KEMPTHORNE AMDT NO. 2538; To restrict funding for United States military personnel in Somalia.,S.Amdt. 2538,http://hdl.loc.gov/loc.uscongress/legislation.103samdt2538,H.R. 4650,http://hdl.loc.gov/loc.uscongress/legislation.103hr4650,Aug 10
103,2,275 (53-47),http://www.senate.gov/legislative/LIS/roll_call_lists/roll_call_vote_cfm.cfm?congress=103&session=2&vote=00275,Agreed to,On the Motion to Table S.Amdt. 2480: motion to table helms amdt no. 2480; To limit military assistance and military sales financing to the Government of Colombia until the President certifies that it is fully cooperating in counternarcotics efforts.,S.Amdt. 2480,http://hdl.loc.gov/loc.uscongress/legislation.103samdt2480,H.R. 4650,http://hdl.loc.gov/loc.uscongress/legislation.103hr4650,Aug 10
103,2,272 (95-5),http://www.senate.gov/legislative/LIS/roll_call_lists/roll_call_vote_cfm.cfm?congress=103&session=2&vote=00272,Agreed to,"On the Conference Report: h.r.4453 conference report; A bill making appropriations for military construction for the Department of Defense for the fiscal year ending September 30, 1995, and for other purposes.","",,H.R. 4453,http://hdl.loc.gov/loc.uscongress/legislation.103hr4453,Aug 10
103,2,271 (88-12),http://www.senate.gov/legislative/LIS/roll_call_lists/roll_call_vote_cfm.cfm?congress=103&session=2&vote=00271,Agreed to,"On the Conference Report: h.r.4426 conference report; An Act making appropriations for foreign operations, export financing, and related programs for the fiscal year ending September 30, 1995, and for other purposes.","",,H.R. 4426,http://hdl.loc.gov/loc.uscongress/legislation.103hr4426,Aug 10
103,2,269 (66-34),http://www.senate.gov/legislative/LIS/roll_call_lists/roll_call_vote_cfm.cfm?congress=103&session=2&vote=00269,Agreed to,"On the Motion to Table S.Amdt. 2478: motion to table graham amdt no. 2478; To provide for $100,000,000 to carry out the Emergency Immigrant Education Act of 1984 or its successor authority.",S.Amdt. 2478,http://hdl.loc.gov/loc.uscongress/legislation.103samdt2478,H.R. 4606,http://hdl.loc.gov/loc.uscongress/legislation.103hr4606,Aug 10
103,2,268 (54-46),http://www.senate.gov/legislative/LIS/roll_call_lists/roll_call_vote_cfm.cfm?congress=103&session=2&vote=00268,Agreed to,On the Motion to Table S.Amdt. 2488: motion to table helms amdt no. 2488; To express the sense of the Senate regarding the congressional timetable for considering health care reform.,S.Amdt. 2488,http://hdl.loc.gov/loc.uscongress/legislation.103samdt2488,H.R. 4650,http://hdl.loc.gov/loc.uscongress/legislation.103hr4650,Aug 10
103,2,267 (100-0),http://www.senate.gov/legislative/LIS/roll_call_lists/roll_call_vote_cfm.cfm?congress=103&session=2&vote=00267,Agreed to,On the Motion to Table S.Amdt. 2466: helms amdt no. 2466; To express the sense of the Senate regarding the congressional timetable for considering health care reform.,S.Amdt. 2466,http://hdl.loc.gov/loc.uscongress/legislation.103samdt2466,H.R. 4606,http://hdl.loc.gov/loc.uscongress/legislation.103hr4606,Aug 10
103,2,266 (91-0),http://www.senate.gov/legislative/LIS/roll_call_lists/roll_call_vote_cfm.cfm?congress=103&session=2&vote=00266,Agreed to,On the Amendment S.Amdt. 2463: helms amdt no. 2463; To protect the Nation's blood supply.,S.Amdt. 2463,http://hdl.loc.gov/loc.uscongress/legislation.103samdt2463,H.R. 4606,http://hdl.loc.gov/loc.uscongress/legislation.103hr4606,Aug 05
103,2,265 (94-0),http://www.senate.gov/legislative/LIS/roll_call_lists/roll_call_vote_cfm.cfm?congress=103&session=2&vote=00265,Agreed to,On the Amendment S.Amdt. 2462: Brown amdt. no. 2462; To ensure that the President of the Republic of China on Taiwan can enter the United States on certain occasions.,S.Amdt. 2462,http://hdl.loc.gov/loc.uscongress/legislation.103samdt2462,H.R. 4606,http://hdl.loc.gov/loc.uscongress/legislation.103hr4606,Aug 05
103,2,264 (68-26),http://www.senate.gov/legislative/LIS/roll_call_lists/roll_call_vote_cfm.cfm?congress=103&session=2&vote=00264,Agreed to,On the Motion to Table S.Amdt. 2461: Motion to table mccain amdt. no. 2461; To increase funding for AIDS programs.,S.Amdt. 2461,http://hdl.loc.gov/loc.uscongress/legislation.103samdt2461,H.R. 4606,http://hdl.loc.gov/loc.uscongress/legislation.103hr4606,Aug 05
103,2,263 (63-31),http://www.senate.gov/legislative/LIS/roll_call_lists/roll_call_vote_cfm.cfm?congress=103&session=2&vote=00263,Agreed to,On the Motion to Table S.Amdt. 2460: motion to table specter amdt. no. 2460; To prohibit the use of United States Armed Forces in Haiti.,S.Amdt. 2460,http://hdl.loc.gov/loc.uscongress/legislation.103samdt2460,H.R. 4606,http://hdl.loc.gov/loc.uscongress/legislation.103hr4606,Aug 05
103,2,259 (98-0),http://www.senate.gov/legislative/LIS/roll_call_lists/roll_call_vote_cfm.cfm?congress=103&session=2&vote=00259,Agreed to,"On the Amendment S.Amdt. 2453: Lautenberg Amdt. No. 2453; To express the sense of the Senate condemning the murder of a doctor and escort serving a reproductive health clinic in Pensacola, Florida, and urging the Administration to take steps to protect persons who work at, and women who wish to use the service of, such clinics.",S.Amdt. 2453,http://hdl.loc.gov/loc.uscongress/legislation.103samdt2453,H.R. 4624,http://hdl.loc.gov/loc.uscongress/legislation.103hr4624,Aug 04
103,2,257 (55-43),http://www.senate.gov/legislative/LIS/roll_call_lists/roll_call_vote_cfm.cfm?congress=103&session=2&vote=00257,Agreed to,On the Motion to Table S.Amdt. 2452: Motion to Table Cohen Amdt. No. 2452; To eliminate funding for Section 8 housing subsidies financed by pension funds.,S.Amdt. 2452,http://hdl.loc.gov/loc.uscongress/legislation.103samdt2452,H.R. 4624,http://hdl.loc.gov/loc.uscongress/legislation.103hr4624,Aug 04
103,2,256 (62-36),http://www.senate.gov/legislative/LIS/roll_call_lists/roll_call_vote_cfm.cfm?congress=103&session=2&vote=00256,Agreed to,"On the Motion to Table S.Amdt. 2450: Motion to Table Murkowski Amdt. No. 2450; To prohibit the use of funds for the construction of acute care, inpatient hospital capacity by the Department of Veterans Affairs.",S.Amdt. 2450,http://hdl.loc.gov/loc.uscongress/legislation.103samdt2450,H.R. 4624,http://hdl.loc.gov/loc.uscongress/legislation.103hr4624,Aug 04
103,2,255 (50-50),http://www.senate.gov/legislative/LIS/roll_call_lists/roll_call_vote_cfm.cfm?congress=103&session=2&vote=00255,Agreed to,"On the Motion to Table S.Amdt. 2446: motion to table johnston amdt no. 2446; To impose a limitation on the use of funding to promulgate, implement, or enforce an EPA regulation mandating a specified percentage market share for ethanol oxygenates in reformulated gasoline and, in addition, to reduce funding for NASA procurement expenses by $39,300,000.",S.Amdt. 2446,http://hdl.loc.gov/loc.uscongress/legislation.103samdt2446,H.R. 4624,http://hdl.loc.gov/loc.uscongress/legislation.103hr4624,Aug 03
103,2,254 (100-0),http://www.senate.gov/legislative/LIS/roll_call_lists/roll_call_vote_cfm.cfm?congress=103&session=2&vote=00254,Agreed to,On the Amendment S.Amdt. 2445: dole amdt no. 2445; To express the sense of the Senate concerning authorization for the deployment of United States Armed Forces in Haiti.,S.Amdt. 2445,http://hdl.loc.gov/loc.uscongress/legislation.103samdt2445,H.R. 4624,http://hdl.loc.gov/loc.uscongress/legislation.103hr4624,Aug 03
103,2,251 (55-44),http://www.senate.gov/legislative/LIS/roll_call_lists/roll_call_vote_cfm.cfm?congress=103&session=2&vote=00251,Agreed to,On the Motion to Table S.Amdt. 2442: Motion to Table Gramm Amdt. No. 2442; To provide mandatory minimum terms of imprisonment for criminals who use guns and for drug traffickers who use children.,S.Amdt. 2442,http://hdl.loc.gov/loc.uscongress/legislation.103samdt2442,S. 1513,http://hdl.loc.gov/loc.uscongress/legislation.103s1513,Aug 02
103,2,250 (91-9),http://www.senate.gov/legislative/LIS/roll_call_lists/roll_call_vote_cfm.cfm?congress=103&session=2&vote=00250,Agreed to,"On the Amendment S.Amdt. 2433: smith amdt no. 2433, as amended; To prohibit Federal funds for instructional materials, instruction, counseling, or other services on school grounds, from being used for the promotion of homosexuality as a positive lifestyle alternative.",S.Amdt. 2433,http://hdl.loc.gov/loc.uscongress/legislation.103samdt2433,S. 1513,http://hdl.loc.gov/loc.uscongress/legislation.103s1513,Aug 02
103,2,249 (100-0),http://www.senate.gov/legislative/LIS/roll_call_lists/roll_call_vote_cfm.cfm?congress=103&session=2&vote=00249,Agreed to,On the Amendment S.Amdt. 2439: pressler amdt. no. 2439; To require that certain applicants for financial assistance for bilingual education employ personnel proficient in English.,S.Amdt. 2439,http://hdl.loc.gov/loc.uscongress/legislation.103samdt2439,S. 1513,http://hdl.loc.gov/loc.uscongress/legislation.103s1513,Aug 02
103,2,247 (63-37),http://www.senate.gov/legislative/LIS/roll_call_lists/roll_call_vote_cfm.cfm?congress=103&session=2&vote=00247,Agreed to,On the Amendment S.Amdt. 2438: kassebaum amdt no. 2438; To temporarily prohibit the promulgation of new regulations to carry out the Carl D. Perkins Vocational and Applied Technology Education Amendments of 1990.,S.Amdt. 2438,http://hdl.loc.gov/loc.uscongress/legislation.103samdt2438,S. 1513,http://hdl.loc.gov/loc.uscongress/legislation.103s1513,Aug 02
103,2,246 (99-0),http://www.senate.gov/legislative/LIS/roll_call_lists/roll_call_vote_cfm.cfm?congress=103&session=2&vote=00246,Agreed to,On the Amendment S.Amdt. 2435: kennedy amdt no. 2435; To prohibit the use of funds made available under this Act from being used to promote or encourage sexual activity.,S.Amdt. 2435,http://hdl.loc.gov/loc.uscongress/legislation.103samdt2435,S. 1513,http://hdl.loc.gov/loc.uscongress/legislation.103s1513,Aug 01
103,2,245 (66-33),http://www.senate.gov/legislative/LIS/roll_call_lists/roll_call_vote_cfm.cfm?congress=103&session=2&vote=00245,Agreed to,On the Amendment S.Amdt. 2430: Danforth amdt. no. 2430; To provide for an educational opportunity demonstration program.,S.Amdt. 2430,http://hdl.loc.gov/loc.uscongress/legislation.103samdt2430,S. 1513,http://hdl.loc.gov/loc.uscongress/legislation.103s1513,Aug 01
103,2,244 (63-36),http://www.senate.gov/legislative/LIS/roll_call_lists/roll_call_vote_cfm.cfm?congress=103&session=2&vote=00244,Agreed to,On the Amendment S.Amdt. 2434: helms amdt no. 2434; In the nature of a substitute.,S.Amdt. 2434,http://hdl.loc.gov/loc.uscongress/legislation.103samdt2434,S. 1513,http://hdl.loc.gov/loc.uscongress/legislation.103s1513,Aug 01
103,2,240 (100-0),http://www.senate.gov/legislative/LIS/roll_call_lists/roll_call_vote_cfm.cfm?congress=103&session=2&vote=00240,Agreed to,"On the Amendment S.Amdt. 2425: jeffords amdt no. 2425 as modified; To provide local school officials control over violence in classrooms and on school property, and for other purposes.",S.Amdt. 2425,http://hdl.loc.gov/loc.uscongress/legislation.103samdt2425,S. 1513,http://hdl.loc.gov/loc.uscongress/legislation.103s1513,Jul 28
103,2,239 (60-40),http://www.senate.gov/legislative/LIS/roll_call_lists/roll_call_vote_cfm.cfm?congress=103&session=2&vote=00239,Agreed to,"On the Amendment S.Amdt. 2418: Gorton Amdt. No. 2418; To provide local school officials control over violence in classrooms and on school property, and for other purposes.",S.Amdt. 2418,http://hdl.loc.gov/loc.uscongress/legislation.103samdt2418,S. 1513,http://hdl.loc.gov/loc.uscongress/legislation.103s1513,Jul 28
103,2,237 (93-7),http://www.senate.gov/legislative/LIS/roll_call_lists/roll_call_vote_cfm.cfm?congress=103&session=2&vote=00237,Agreed to,On the Amendment S.Amdt. 2415: Kassebaum Amdt. No. 2415; To impose a fine of persons who violate a court order regulating interference with rights to prayer in public schools.,S.Amdt. 2415,http://hdl.loc.gov/loc.uscongress/legislation.103samdt2415,S. 1513,http://hdl.loc.gov/loc.uscongress/legislation.103s1513,Jul 27
103,2,235 (98-0),http://www.senate.gov/legislative/LIS/roll_call_lists/roll_call_vote_cfm.cfm?congress=103&session=2&vote=00235,Agreed to,"On the Motion to Proceed: MOTION TO PROCEEDTO CONSIDER S. 1513; A bill entitled ""Improving America's Schools Act of 1993"".","",,S. 1513,http://hdl.loc.gov/loc.uscongress/legislation.103s1513,Jul 27
103,2,234 (77-20),http://www.senate.gov/legislative/LIS/roll_call_lists/roll_call_vote_cfm.cfm?congress=103&session=2&vote=00234,Agreed to,"On the Motion for Attendance: motion to instruct sgt-at-arms; A bill entitled ""Improving America's Schools Act of 1993"".","",,S. 1513,http://hdl.loc.gov/loc.uscongress/legislation.103s1513,Jul 27
103,2,232 (63-37),http://www.senate.gov/legislative/LIS/roll_call_lists/roll_call_vote_cfm.cfm?congress=103&session=2&vote=00232,Agreed to,On the Motion to Table S.Amdt. 2401: motion to table Bradley amdt. 2401; To reduce the amount appropriated for the Department of Energy for fossil energy research and development.,S.Amdt. 2401,http://hdl.loc.gov/loc.uscongress/legislation.103samdt2401,H.R. 4602,http://hdl.loc.gov/loc.uscongress/legislation.103hr4602,Jul 26
103,2,231 (89-0),http://www.senate.gov/legislative/LIS/roll_call_lists/roll_call_vote_cfm.cfm?congress=103&session=2&vote=00231,Agreed to,On the Amendment S.Amdt. 2399: mccain amdt no. 2399; To require certain Federal agencies to prepare and submit to Congress rankings of the proposals of such agencies for land acquisition.,S.Amdt. 2399,http://hdl.loc.gov/loc.uscongress/legislation.103samdt2399,H.R. 4602,http://hdl.loc.gov/loc.uscongress/legislation.103hr4602,Jul 25
103,2,230 (49-42),http://www.senate.gov/legislative/LIS/roll_call_lists/roll_call_vote_cfm.cfm?congress=103&session=2&vote=00230,Agreed to,"On the Motion to Table S.Amdt. 2396: motion to table Helms amdt. no. 2396; To prohibit the use of National Endowment for the Arts funds to provide financial assistance for projects or works involving the mutilation of living or dead human beings, or the drawing or letting of blood.",S.Amdt. 2396,http://hdl.loc.gov/loc.uscongress/legislation.103samdt2396,H.R. 4602,http://hdl.loc.gov/loc.uscongress/legislation.103hr4602,Jul 25
103,2,229 (92-0),http://www.senate.gov/legislative/LIS/roll_call_lists/roll_call_vote_cfm.cfm?congress=103&session=2&vote=00229,Agreed to,On the Amendment S.Amdt. 2395: byrd amdt no. 2395; To provide funds to reimburse representatives of employees who die in the line of duty for burial costs and related costs.,S.Amdt. 2395,http://hdl.loc.gov/loc.uscongress/legislation.103samdt2395,H.R. 4602,http://hdl.loc.gov/loc.uscongress/legislation.103hr4602,Jul 25
103,2,228 (74-13),http://www.senate.gov/legislative/LIS/roll_call_lists/roll_call_vote_cfm.cfm?congress=103&session=2&vote=00228,Agreed to,"On the Motion for Attendance: Motion to Instruct the Sgt. at Arms; A bill making appropriations for the Department of the Interior and related agencies for the fiscal year ending September 30, 1995, and for other purposes.","",,H.R. 4602,http://hdl.loc.gov/loc.uscongress/legislation.103hr4602,Jul 25
103,2,223 (56-44),http://www.senate.gov/legislative/LIS/roll_call_lists/roll_call_vote_cfm.cfm?congress=103&session=2&vote=00223,Agreed to,On the Motion to Table S.Amdt. 2342: motion to table gramm amdt no. 2342; To prohibit the Legal Services Corporation from using taxpayer funds to undermine welfare reform.,S.Amdt. 2342,http://hdl.loc.gov/loc.uscongress/legislation.103samdt2342,H.R. 4603,http://hdl.loc.gov/loc.uscongress/legislation.103hr4603,Jul 21
103,2,222 (100-0),http://www.senate.gov/legislative/LIS/roll_call_lists/roll_call_vote_cfm.cfm?congress=103&session=2&vote=00222,Agreed to,"On the Amendment S.Amdt. 2343: shelby amdt no. 2343; To express the sense of the Senate that the Attorney General of the United States should address the deficiencies in the enforcement of criminal provisions relating to the willful avoidance of child support payments, and for other purposes.",S.Amdt. 2343,http://hdl.loc.gov/loc.uscongress/legislation.103samdt2343,H.R. 4603,http://hdl.loc.gov/loc.uscongress/legislation.103hr4603,Jul 21
103,2,220 (72-28),http://www.senate.gov/legislative/LIS/roll_call_lists/roll_call_vote_cfm.cfm?congress=103&session=2&vote=00220,Agreed to,"On the Motion to Table the Motion to Recommit: motion to recommit; A bill making appropriations for the Department of Transportation and related agencies for the fiscal year ending September 30, 1995, and for other purposes.","",,H.R. 4556,http://hdl.loc.gov/loc.uscongress/legislation.103hr4556,Jul 21
103,2,219 (63-37),http://www.senate.gov/legislative/LIS/roll_call_lists/roll_call_vote_cfm.cfm?congress=103&session=2&vote=00219,Agreed to,On the Motion to Table S.Amdt. 2333: motion to table Mccain amdt. no. 2333; Expressing the sense of the Senate that Highway Trust Funds should be allocated to the State under a fair and equitable allocation formula.,S.Amdt. 2333,http://hdl.loc.gov/loc.uscongress/legislation.103samdt2333,H.R. 4556,http://hdl.loc.gov/loc.uscongress/legislation.103hr4556,Jul 21
103,2,215 (100-0),http://www.senate.gov/legislative/LIS/roll_call_lists/roll_call_vote_cfm.cfm?congress=103&session=2&vote=00215,Agreed to,"On the Amendment S.Amdt. 2324: bumpers amdt no. 2324; To establish that no employee of the Department of Agriculture shall be peremptorily removed without a hearing from his or her position because of remarks made during personal time regarding Departmental policies, or proposed policies.",S.Amdt. 2324,http://hdl.loc.gov/loc.uscongress/legislation.103samdt2324,H.R. 4554,http://hdl.loc.gov/loc.uscongress/legislation.103hr4554,Jul 20
103,2,214 (59-41),http://www.senate.gov/legislative/LIS/roll_call_lists/roll_call_vote_cfm.cfm?congress=103&session=2&vote=00214,Agreed to,On the Amendment S.Amdt. 2320: Helms amdt. no. 2320; To protect the first amendment rights of employees of the Department of Agriculture.,S.Amdt. 2320,http://hdl.loc.gov/loc.uscongress/legislation.103samdt2320,H.R. 4554,http://hdl.loc.gov/loc.uscongress/legislation.103hr4554,Jul 20
103,2,213 (63-37),http://www.senate.gov/legislative/LIS/roll_call_lists/roll_call_vote_cfm.cfm?congress=103&session=2&vote=00213,Agreed to,On the Motion to Table S.Amdt. 2318: motion to table brown amdt no. 2318; To ensure that there will be no net cost to taxpayers if protectionist trade practices are adopted by the United States with respect to tobacco.,S.Amdt. 2318,http://hdl.loc.gov/loc.uscongress/legislation.103samdt2318,H.R. 4554,http://hdl.loc.gov/loc.uscongress/legislation.103hr4554,Jul 20
103,2,212 (92-8),http://www.senate.gov/legislative/LIS/roll_call_lists/roll_call_vote_cfm.cfm?congress=103&session=2&vote=00212,Agreed to,On the Amendment S.Amdt. 2309: helms amdt no. 2309 as modified; To stop the waste of taxpayer funds on activities by the Department of Agriculture to encourage its employees or officials to accept homosexuality as a legitimate or normal lifestyle.,S.Amdt. 2309,http://hdl.loc.gov/loc.uscongress/legislation.103samdt2309,H.R. 4554,http://hdl.loc.gov/loc.uscongress/legislation.103hr4554,Jul 19
103,2,209 (76-23),http://www.senate.gov/legislative/LIS/roll_call_lists/roll_call_vote_cfm.cfm?congress=103&session=2&vote=00209,Agreed to,On the Amendment S.Amdt. 2306: Leahy Amdt. No. 2306 (As Amended); To provide that the Secretary may exercise his authority to close Agricultural Research Service locations specified for closure in the President's 1995 budget.,S.Amdt. 2306,http://hdl.loc.gov/loc.uscongress/legislation.103samdt2306,H.R. 4554,http://hdl.loc.gov/loc.uscongress/legislation.103hr4554,Jul 19
103,2,208 (63-34),http://www.senate.gov/legislative/LIS/roll_call_lists/roll_call_vote_cfm.cfm?congress=103&session=2&vote=00208,Agreed to,"On the Amendment S.Amdt. 2305: McCain Amdt. No. 2305; To strike a provision prohibiting the Secretary of Agriculture from approving Food Stamp ""cash out"" demonstration initiatives.",S.Amdt. 2305,http://hdl.loc.gov/loc.uscongress/legislation.103samdt2305,H.R. 4554,http://hdl.loc.gov/loc.uscongress/legislation.103hr4554,Jul 19
103,2,206 (62-38),http://www.senate.gov/legislative/LIS/roll_call_lists/roll_call_vote_cfm.cfm?congress=103&session=2&vote=00206,Agreed to,"On the Amendment: Committee Amdt. on Page 86, Line 9; A bill making appropriations for Agriculture, Rural Development, Food and Drug Administration, and Related Agencies programs for the fiscal year ending September 30, 1995, and for other purposes.","",,H.R. 4554,http://hdl.loc.gov/loc.uscongress/legislation.103hr4554,Jul 19
103,2,202 (94-0),http://www.senate.gov/legislative/LIS/roll_call_lists/roll_call_vote_cfm.cfm?congress=103&session=2&vote=00202,Agreed to,On the Amendment S.Amdt. 2281: Helms Amdt. No. 2281; To limit assistance to the Government of Colombia unless the President certifies that it is fully cooperating in counternarcotics efforts.,S.Amdt. 2281,http://hdl.loc.gov/loc.uscongress/legislation.103samdt2281,H.R. 4426,http://hdl.loc.gov/loc.uscongress/legislation.103hr4426,Jul 15
103,2,201 (56-38),http://www.senate.gov/legislative/LIS/roll_call_lists/roll_call_vote_cfm.cfm?congress=103&session=2&vote=00201,Agreed to,On the Amendment S.Amdt. 2284: Domenici Amdt. No. 2284 (As Mod.); To allow the President to use Russian aid funds in this bill for the Nunn-Lugar cooperative threat reduction program.,S.Amdt. 2284,http://hdl.loc.gov/loc.uscongress/legislation.103samdt2284,H.R. 4426,http://hdl.loc.gov/loc.uscongress/legislation.103hr4426,Jul 15
103,2,200 (95-0),http://www.senate.gov/legislative/LIS/roll_call_lists/roll_call_vote_cfm.cfm?congress=103&session=2&vote=00200,Agreed to,"On the Amendment S.Amdt. 2273: Dole Amdt. No. 2273; To restrict the use of available funds to the Democratic People's Republic of Korea until the President certifies and reports to Congress that the Democratic People's Republic of Korea does not possess nuclear weapons, has halted its nuclear weapons program, and has not exported weapons-grade plutonium.",S.Amdt. 2273,http://hdl.loc.gov/loc.uscongress/legislation.103samdt2273,H.R. 4426,http://hdl.loc.gov/loc.uscongress/legislation.103hr4426,Jul 15
103,2,197 (60-38),http://www.senate.gov/legislative/LIS/roll_call_lists/roll_call_vote_cfm.cfm?congress=103&session=2&vote=00197,Agreed to,On the Amendment S.Amdt. 2294: bumpers amdt no. 2294; To delete funding for parliamentary training and democracy in the People's Republic of China.,S.Amdt. 2294,http://hdl.loc.gov/loc.uscongress/legislation.103samdt2294,H.R. 4426,http://hdl.loc.gov/loc.uscongress/legislation.103hr4426,Jul 14
103,2,196 (76-22),http://www.senate.gov/legislative/LIS/roll_call_lists/roll_call_vote_cfm.cfm?congress=103&session=2&vote=00196,Agreed to,"On the Amendment S.Amdt. 2248: brown amdt no. 2248; To make Poland, Hungary, and the Czech Republic eligible for allied defense cooperation with NATO countries, and for other purposes.",S.Amdt. 2248,http://hdl.loc.gov/loc.uscongress/legislation.103samdt2248,H.R. 4426,http://hdl.loc.gov/loc.uscongress/legislation.103hr4426,Jul 14
103,2,195 (53-44),http://www.senate.gov/legislative/LIS/roll_call_lists/roll_call_vote_cfm.cfm?congress=103&session=2&vote=00195,Agreed to,"On the Motion to Table S.Amdt. 2266: motion to table mcconnell amdt no. 2266, as mod; To require a report on NATO eligibility criteria.",S.Amdt. 2266,http://hdl.loc.gov/loc.uscongress/legislation.103samdt2266,H.R. 4426,http://hdl.loc.gov/loc.uscongress/legislation.103hr4426,Jul 14
103,2,194 (57-42),http://www.senate.gov/legislative/LIS/roll_call_lists/roll_call_vote_cfm.cfm?congress=103&session=2&vote=00194,Agreed to,"On the Motion to Table S.Amdt. 2245: Motion to Table Dole Amdt. No. 2245; To establish a congressional commission for the purpose of assessing the humanitarian, political, and diplomatic conditions in Haiti and reporting to the Congress on the appropriate policy options available to the United States with respect to Haiti.",S.Amdt. 2245,http://hdl.loc.gov/loc.uscongress/legislation.103samdt2245,H.R. 4426,http://hdl.loc.gov/loc.uscongress/legislation.103hr4426,Jul 14
103,2,193 (100-0),http://www.senate.gov/legislative/LIS/roll_call_lists/roll_call_vote_cfm.cfm?congress=103&session=2&vote=00193,Agreed to,On the Amendment S.Amdt. 2263: McConnell Amdt. No. 2263; To provide funds to the International Criminal Investigative Training Assistance Program to undertake a police development and training program of Russian police agencies.,S.Amdt. 2263,http://hdl.loc.gov/loc.uscongress/legislation.103samdt2263,H.R. 4426,http://hdl.loc.gov/loc.uscongress/legislation.103hr4426,Jul 14
103,2,192 (100-0),http://www.senate.gov/legislative/LIS/roll_call_lists/roll_call_vote_cfm.cfm?congress=103&session=2&vote=00192,Agreed to,"On the Amendment S.Amdt. 2264: D'Amato Amdt. No. 2264; To provide the Federal Bureau of Investigation with $15,000,000 to be earmarked for international law enforcement cooperation with the New Independent States and Eastern Europe.",S.Amdt. 2264,http://hdl.loc.gov/loc.uscongress/legislation.103samdt2264,H.R. 4426,http://hdl.loc.gov/loc.uscongress/legislation.103hr4426,Jul 14
103,2,190 (89-8),http://www.senate.gov/legislative/LIS/roll_call_lists/roll_call_vote_cfm.cfm?congress=103&session=2&vote=00190,Agreed to,On the Amendment S.Amdt. 2240: Mcconnell amdt. no. 2240; To establish the date of Russian troop withdrawal from the Baltics.,S.Amdt. 2240,http://hdl.loc.gov/loc.uscongress/legislation.103samdt2240,H.R. 4426,http://hdl.loc.gov/loc.uscongress/legislation.103hr4426,Jul 13
103,2,186 (50-30),http://www.senate.gov/legislative/LIS/roll_call_lists/roll_call_vote_cfm.cfm?congress=103&session=2&vote=00186,Agreed to,"On the Motion to Table S.Amdt. 2164: Motion to Table Bradley Amdt. No. 2164; To prohibit registration under the Selective Service System and to terminate the activities of civilian local boards, civilian appeal boards, and similar local agencies of the Selective Service System.",S.Amdt. 2164,http://hdl.loc.gov/loc.uscongress/legislation.103samdt2164,S. 2182,http://hdl.loc.gov/loc.uscongress/legislation.103s2182,Jul 01
103,2,185 (68-14),http://www.senate.gov/legislative/LIS/roll_call_lists/roll_call_vote_cfm.cfm?congress=103&session=2&vote=00185,Agreed to,"On the Motion to Table S.Amdt. 2163: Motion to Table Pryor Amdt. No. 2163; To prohibit government-to-government transfers of the Airborne Self-Protection Jammer (ASPJ), or any related software, abroad.",S.Amdt. 2163,http://hdl.loc.gov/loc.uscongress/legislation.103samdt2163,S. 2182,http://hdl.loc.gov/loc.uscongress/legislation.103s2182,Jul 01
103,2,184 (93-3),http://www.senate.gov/legislative/LIS/roll_call_lists/roll_call_vote_cfm.cfm?congress=103&session=2&vote=00184,Agreed to,On the Amendment S.Amdt. 2147: nunn amdt no. 2147; In the nature of a substitute.,S.Amdt. 2147,http://hdl.loc.gov/loc.uscongress/legislation.103samdt2147,S. 2182,http://hdl.loc.gov/loc.uscongress/legislation.103s2182,Jul 01
103,2,183 (73-27),http://www.senate.gov/legislative/LIS/roll_call_lists/roll_call_vote_cfm.cfm?congress=103&session=2&vote=00183,Agreed to,"On the Conference Report: h.r.4454 conference report; A bill making appropriations for the Legislative Branch for the fiscal year ending September 30, 1995, and for other purposes.","",,H.R. 4454,http://hdl.loc.gov/loc.uscongress/legislation.103hr4454,Jul 01
103,2,182 (88-12),http://www.senate.gov/legislative/LIS/roll_call_lists/roll_call_vote_cfm.cfm?congress=103&session=2&vote=00182,Agreed to,On the Amendment S.Amdt. 2143: warner amdt no. 2143; To eliminate the disparity between effective dates for military and civilian retiree cost-of-living adjustments for fiscal year 1995.,S.Amdt. 2143,http://hdl.loc.gov/loc.uscongress/legislation.103samdt2143,S. 2182,http://hdl.loc.gov/loc.uscongress/legislation.103s2182,Jul 01
103,2,180 (52-48),http://www.senate.gov/legislative/LIS/roll_call_lists/roll_call_vote_cfm.cfm?congress=103&session=2&vote=00180,Agreed to,On the Amendment S.Amdt. 1852: NUNN AMDT NO. 1852; To express the sense of Congress concerning the international efforts to end the conflict in Bosnia and Hercegovina.,S.Amdt. 1852,http://hdl.loc.gov/loc.uscongress/legislation.103samdt1852,S. 2182,http://hdl.loc.gov/loc.uscongress/legislation.103s2182,Jul 01
103,2,177 (69-30),http://www.senate.gov/legislative/LIS/roll_call_lists/roll_call_vote_cfm.cfm?congress=103&session=2&vote=00177,Agreed to,On the Amendment S.Amdt. 2137: lautenberg amdt no. 2137; To provide funds for the construction of the Tokamak Physics Experiment (TPX) at Princeton University.,S.Amdt. 2137,http://hdl.loc.gov/loc.uscongress/legislation.103samdt2137,H.R. 4506,http://hdl.loc.gov/loc.uscongress/legislation.103hr4506,Jun 30
103,2,176 (53-45),http://www.senate.gov/legislative/LIS/roll_call_lists/roll_call_vote_cfm.cfm?congress=103&session=2&vote=00176,Agreed to,"On the Motion to Table S.Amdt. 2128: motion to table harkin amdt no. 2128; To provide that certain funds appropriated for the Department of Energy for weapons activities for atomic energy defense be available instead for energy supply, research and development activities relating to certain renewable energy sources and to fund fully activities relating to such energy sources.",S.Amdt. 2128,http://hdl.loc.gov/loc.uscongress/legislation.103samdt2128,H.R. 4506,http://hdl.loc.gov/loc.uscongress/legislation.103hr4506,Jun 30
103,2,175 (52-46),http://www.senate.gov/legislative/LIS/roll_call_lists/roll_call_vote_cfm.cfm?congress=103&session=2&vote=00175,Agreed to,On the Motion to Table S.Amdt. 2127: motion to table kerry amdt no. 2127; To provide for the termination of the Advanced Liquid Metal Reactor/Integral Fast Reactor (ALMR/IFR) program.,S.Amdt. 2127,http://hdl.loc.gov/loc.uscongress/legislation.103samdt2127,H.R. 4506,http://hdl.loc.gov/loc.uscongress/legislation.103hr4506,Jun 30
103,2,174 (59-35),http://www.senate.gov/legislative/LIS/roll_call_lists/roll_call_vote_cfm.cfm?congress=103&session=2&vote=00174,Agreed to,"On the Motion to Table: M to T Comm. Amdt. beginning on page 34, line 19 thru 25; An Act making appropriations for foreign operations, export financing, and related programs for the fiscal year ending September 30, 1995, and for other purposes.","",,H.R. 4426,http://hdl.loc.gov/loc.uscongress/legislation.103hr4426,Jun 29
103,2,173 (93-4),http://www.senate.gov/legislative/LIS/roll_call_lists/roll_call_vote_cfm.cfm?congress=103&session=2&vote=00173,Agreed to,On the Amendment S.Amdt. 2118: Mitchell Amdt. No. 2118; Expressing the sense of the Congress with respect to Haiti.,S.Amdt. 2118,http://hdl.loc.gov/loc.uscongress/legislation.103samdt2118,H.R. 4426,http://hdl.loc.gov/loc.uscongress/legislation.103hr4426,Jun 29
103,2,168 (51-49),http://www.senate.gov/legislative/LIS/roll_call_lists/roll_call_vote_cfm.cfm?congress=103&session=2&vote=00168,Agreed to,"On the Motion to Table S.Amdt. 1930: Motion to Table Kohl Amdt. No. 1930; To amend chapter 111 of title 28, United States Code, relating to protective orders, sealing of cases, disclosures of discovery information in civil actions, and for other purposes.",S.Amdt. 1930,http://hdl.loc.gov/loc.uscongress/legislation.103samdt1930,S. 687,http://hdl.loc.gov/loc.uscongress/legislation.103s687,Jun 28
103,2,167 (76-14),http://www.senate.gov/legislative/LIS/roll_call_lists/roll_call_vote_cfm.cfm?congress=103&session=2&vote=00167,Agreed to,"On the Motion for Attendance: motion to instruct sgt-at-arms; An Act to authoirze appropriations for fiscal year 1995 for military activities of the Department of Defense, for military construction, and for defense programs of the Department of Energy, to prescribe personnel strengths for such fiscal year for the Armed Forces, and for other purposes.","",,S. 2182,http://hdl.loc.gov/loc.uscongress/legislation.103s2182,Jun 24
103,2,166 (80-11),http://www.senate.gov/legislative/LIS/roll_call_lists/roll_call_vote_cfm.cfm?congress=103&session=2&vote=00166,Agreed to,"On the Motion for Attendance: motion to instruct sgt-at-arms; An Act to authoirze appropriations for fiscal year 1995 for military activities of the Department of Defense, for military construction, and for defense programs of the Department of Energy, to prescribe personnel strengths for such fiscal year for the Armed Forces, and for other purposes.","",,S. 2182,http://hdl.loc.gov/loc.uscongress/legislation.103s2182,Jun 24
103,2,164 (72-24),http://www.senate.gov/legislative/LIS/roll_call_lists/roll_call_vote_cfm.cfm?congress=103&session=2&vote=00164,Agreed to,On the Motion to Table S.Amdt. 1841: Motion to Table Feingold Amdt. No. 1841; To delay procurement of the CVN-76 aircraft carrier.,S.Amdt. 1841,http://hdl.loc.gov/loc.uscongress/legislation.103samdt1841,S. 2182,http://hdl.loc.gov/loc.uscongress/legislation.103s2182,Jun 23
103,2,163 (71-27),http://www.senate.gov/legislative/LIS/roll_call_lists/roll_call_vote_cfm.cfm?congress=103&session=2&vote=00163,Agreed to,On the Motion to Table S.Amdt. 1839: Motion to Table Specter Amdt. No. 1839; To amend the Defense Base Closure and Realignment Act of 1990 to provide for judicial review of compliance with disclosure of information requirements established in the Act.,S.Amdt. 1839,http://hdl.loc.gov/loc.uscongress/legislation.103samdt1839,S. 2182,http://hdl.loc.gov/loc.uscongress/legislation.103s2182,Jun 23
103,2,160 (66-33),http://www.senate.gov/legislative/LIS/roll_call_lists/roll_call_vote_cfm.cfm?congress=103&session=2&vote=00160,Agreed to,On the Motion to Table S.Amdt. 1836: motion to table mccain smdt no. 1836; To eliminate full time employment floors from the Act.,S.Amdt. 1836,http://hdl.loc.gov/loc.uscongress/legislation.103samdt1836,H.R. 4539,http://hdl.loc.gov/loc.uscongress/legislation.103hr4539,Jun 22
103,2,159 (79-20),http://www.senate.gov/legislative/LIS/roll_call_lists/roll_call_vote_cfm.cfm?congress=103&session=2&vote=00159,Agreed to,On the Motion S.Amdt. 1833: gorton motion to waive budget act; To provide that funds may not be used in certain cases to enforce the prohibition on selling dyed diesel fuel for use in recreational boats.,S.Amdt. 1833,http://hdl.loc.gov/loc.uscongress/legislation.103samdt1833,H.R. 4539,http://hdl.loc.gov/loc.uscongress/legislation.103hr4539,Jun 22
103,2,157 (98-0),http://www.senate.gov/legislative/LIS/roll_call_lists/roll_call_vote_cfm.cfm?congress=103&session=2&vote=00157,Agreed to,On the Amendment S.Amdt. 1825: faircloth amdt no. 1825 as modified; To certify that White House employees administering the drug testing program do not have a history of drug abuse.,S.Amdt. 1825,http://hdl.loc.gov/loc.uscongress/legislation.103samdt1825,H.R. 4539,http://hdl.loc.gov/loc.uscongress/legislation.103hr4539,Jun 22
103,2,156 (56-38),http://www.senate.gov/legislative/LIS/roll_call_lists/roll_call_vote_cfm.cfm?congress=103&session=2&vote=00156,Agreed to,"On the Motion to Table the Motion to Recommit: motion to table smith motion to recommit; A bill making appropriations for the Treasury Department, the United States Postal Service, the Executive Office of the President, and certain Independent Agencies, for the fiscal year ending September 30, 1995, and for other purposes.","",,H.R. 4539,http://hdl.loc.gov/loc.uscongress/legislation.103hr4539,Jun 21
103,2,155 (54-43),http://www.senate.gov/legislative/LIS/roll_call_lists/roll_call_vote_cfm.cfm?congress=103&session=2&vote=00155,Agreed to,"On the Motion to Table S.Amdt. 1823: motion to table grassley amdt no. 1823; To limit funding on the Internal Revenue tax compliance initiative in fiscal year 1995, and for other purposes.",S.Amdt. 1823,http://hdl.loc.gov/loc.uscongress/legislation.103samdt1823,H.R. 4539,http://hdl.loc.gov/loc.uscongress/legislation.103hr4539,Jun 21
103,2,154 (54-44),http://www.senate.gov/legislative/LIS/roll_call_lists/roll_call_vote_cfm.cfm?congress=103&session=2&vote=00154,Agreed to,"On the Resolution: S.Res.229; A resolution authorizing oversight hearings by the Committee on Banking, Housing and Urban Affairs.","",,S.Res. 229,http://hdl.loc.gov/loc.uscongress/legislation.103sres229,Jun 21
103,2,151 (94-0),http://www.senate.gov/legislative/LIS/roll_call_lists/roll_call_vote_cfm.cfm?congress=103&session=2&vote=00151,Agreed to,On the Amendment S.Amdt. 1804: Brown Amdt. No. 1804 (as Modified); To express the sense of the Congress regarding the issuance under Title VII of the Civil Rights Act of 1964 of administrative guidelines applicable to religious harassment in employment.,S.Amdt. 1804,http://hdl.loc.gov/loc.uscongress/legislation.103samdt1804,S. 1491,http://hdl.loc.gov/loc.uscongress/legislation.103s1491,Jun 16
103,2,150 (93-3),http://www.senate.gov/legislative/LIS/roll_call_lists/roll_call_vote_cfm.cfm?congress=103&session=2&vote=00150,Agreed to,On the Amendment S.Amdt. 1799: McCain Amdt. No. 1799 (as Amended); To enhance the preparedness of U.S. and South Korean forces in the Republic of Korea.,S.Amdt. 1799,http://hdl.loc.gov/loc.uscongress/legislation.103samdt1799,S. 1491,http://hdl.loc.gov/loc.uscongress/legislation.103s1491,Jun 16
103,2,149 (93-6),http://www.senate.gov/legislative/LIS/roll_call_lists/roll_call_vote_cfm.cfm?congress=103&session=2&vote=00149,Agreed to,On the Motion to Table S.Amdt. 1796: Motion to Table Metzenbaum Amdt. No. 1796; To make certain requirements relating to the provision of sanitary facilities by domestic air carriers.,S.Amdt. 1796,http://hdl.loc.gov/loc.uscongress/legislation.103samdt1796,S. 1491,http://hdl.loc.gov/loc.uscongress/legislation.103s1491,Jun 16
103,2,146 (56-43),http://www.senate.gov/legislative/LIS/roll_call_lists/roll_call_vote_cfm.cfm?congress=103&session=2&vote=00146,Agreed to,On the Amendment S.Amdt. 1795: mitchell amdt no. 1795; In the nature of a substitute.,S.Amdt. 1795,http://hdl.loc.gov/loc.uscongress/legislation.103samdt1795,S. 1491,http://hdl.loc.gov/loc.uscongress/legislation.103s1491,Jun 15
103,2,145 (56-43),http://www.senate.gov/legislative/LIS/roll_call_lists/roll_call_vote_cfm.cfm?congress=103&session=2&vote=00145,Agreed to,On the Amendment S.Amdt. 1793: mitchell amdt no. 1793; In the nature of a substitute.,S.Amdt. 1793,http://hdl.loc.gov/loc.uscongress/legislation.103samdt1793,S. 1491,http://hdl.loc.gov/loc.uscongress/legislation.103s1491,Jun 15
103,2,144 (55-44),http://www.senate.gov/legislative/LIS/roll_call_lists/roll_call_vote_cfm.cfm?congress=103&session=2&vote=00144,Agreed to,On the Amendment S.Amdt. 1791: mitchell amdt no. 1791; In the nature of a substitute.,S.Amdt. 1791,http://hdl.loc.gov/loc.uscongress/legislation.103samdt1791,S. 1491,http://hdl.loc.gov/loc.uscongress/legislation.103s1491,Jun 15
103,2,143 (55-44),http://www.senate.gov/legislative/LIS/roll_call_lists/roll_call_vote_cfm.cfm?congress=103&session=2&vote=00143,Agreed to,On the Amendment S.Amdt. 1789: mitchell amdt no. 1789; In the nature of a substitute.,S.Amdt. 1789,http://hdl.loc.gov/loc.uscongress/legislation.103samdt1789,S. 1491,http://hdl.loc.gov/loc.uscongress/legislation.103s1491,Jun 15
103,2,142 (56-44),http://www.senate.gov/legislative/LIS/roll_call_lists/roll_call_vote_cfm.cfm?congress=103&session=2&vote=00142,Agreed to,On the Amendment S.Amdt. 1787: mitchell amdt no. 1787; In the nature of a substitute.,S.Amdt. 1787,http://hdl.loc.gov/loc.uscongress/legislation.103samdt1787,S. 1491,http://hdl.loc.gov/loc.uscongress/legislation.103s1491,Jun 15
103,2,141 (55-44),http://www.senate.gov/legislative/LIS/roll_call_lists/roll_call_vote_cfm.cfm?congress=103&session=2&vote=00141,Agreed to,On the Amendment S.Amdt. 1785: daschle for mitchell amdt no. 1785; In the nature of a substitute.,S.Amdt. 1785,http://hdl.loc.gov/loc.uscongress/legislation.103samdt1785,S. 1491,http://hdl.loc.gov/loc.uscongress/legislation.103s1491,Jun 15
103,2,140 (56-44),http://www.senate.gov/legislative/LIS/roll_call_lists/roll_call_vote_cfm.cfm?congress=103&session=2&vote=00140,Agreed to,On the Amendment S.Amdt. 1783: daschle for mitchell amdt no. 1783; In the nature of a substitute.,S.Amdt. 1783,http://hdl.loc.gov/loc.uscongress/legislation.103samdt1783,S. 1491,http://hdl.loc.gov/loc.uscongress/legislation.103s1491,Jun 15
103,2,139 (56-43),http://www.senate.gov/legislative/LIS/roll_call_lists/roll_call_vote_cfm.cfm?congress=103&session=2&vote=00139,Agreed to,On the Amendment S.Amdt. 1781: mitchell amdt no. 1781; In the nature of a substitute.,S.Amdt. 1781,http://hdl.loc.gov/loc.uscongress/legislation.103samdt1781,S. 1491,http://hdl.loc.gov/loc.uscongress/legislation.103s1491,Jun 14
103,2,138 (56-43),http://www.senate.gov/legislative/LIS/roll_call_lists/roll_call_vote_cfm.cfm?congress=103&session=2&vote=00138,Agreed to,"On the Amendment S.Amdt. 1779: mitchell amdt no. 1779, as modified; In the nature of a substitute.",S.Amdt. 1779,http://hdl.loc.gov/loc.uscongress/legislation.103samdt1779,S. 1491,http://hdl.loc.gov/loc.uscongress/legislation.103s1491,Jun 14
103,2,137 (56-43),http://www.senate.gov/legislative/LIS/roll_call_lists/roll_call_vote_cfm.cfm?congress=103&session=2&vote=00137,Agreed to,"On the Amendment S.Amdt. 1776: mitchell amdt no. 1776; Authorizing oversight hearings by the Committee on Banking, Housing, and Urban Affairs.",S.Amdt. 1776,http://hdl.loc.gov/loc.uscongress/legislation.103samdt1776,S. 1491,http://hdl.loc.gov/loc.uscongress/legislation.103s1491,Jun 14
103,2,136 (86-13),http://www.senate.gov/legislative/LIS/roll_call_lists/roll_call_vote_cfm.cfm?congress=103&session=2&vote=00136,Agreed to,"On the Motion for Attendance: motion to instruct; A bill to amend the Airport and Airway Improvement Act of 1982 to authorize appropriations, and for other purposes.","",,S. 1491,http://hdl.loc.gov/loc.uscongress/legislation.103s1491,Jun 14
103,2,135 (70-13),http://www.senate.gov/legislative/LIS/roll_call_lists/roll_call_vote_cfm.cfm?congress=103&session=2&vote=00135,Agreed to,"On the Motion for Attendance: Motion to Instruct Sgt-at-Arms; A bill to amend the Airport and Airway Improvement Act of 1982 to authorize appropriations, and for other purposes.","",,S. 1491,http://hdl.loc.gov/loc.uscongress/legislation.103s1491,Jun 10
103,2,134 (78-13),http://www.senate.gov/legislative/LIS/roll_call_lists/roll_call_vote_cfm.cfm?congress=103&session=2&vote=00134,Agreed to,"On the Motion for Attendance: Motion to Instruct Sergeant at Arms; A bill to amend the Airport and Airway Improvement Act of 1982 to authorize appropriations, and for other purposes.","",,S. 1491,http://hdl.loc.gov/loc.uscongress/legislation.103s1491,Jun 10
103,2,129 (63-35),http://www.senate.gov/legislative/LIS/roll_call_lists/roll_call_vote_cfm.cfm?congress=103&session=2&vote=00129,Agreed to,On the Cloture Motion: Motion to Invoke Cloture on Derek Shearer Nomination,"",,PN835,https://www.congress.gov/nomination/103th-congress/835,May 24
103,2,126 (51-47),http://www.senate.gov/legislative/LIS/roll_call_lists/roll_call_vote_cfm.cfm?congress=103&session=2&vote=00126,Agreed to,"On the Motion: d'amato motion to instruct cnferees h.r.3355; A bill to amend the Omnibus Crime Control and Safe Streets Act of 1968 to allow grants to increase police presence, to expand and improve cooperative efforts between law enforcement agencies and members of the community to address crime and disorder problems, and otherwise to enhance public safety.","",,H.R. 3355,http://hdl.loc.gov/loc.uscongress/legislation.103hr3355,May 19
103,2,125 (94-4),http://www.senate.gov/legislative/LIS/roll_call_lists/roll_call_vote_cfm.cfm?congress=103&session=2&vote=00125,Agreed to,"On the Motion: biden motion to instruct conferees re:h.r.3355; A bill to amend the Omnibus Crime Control and Safe Streets Act of 1968 to allow grants to increase police presence, to expand and improve cooperative efforts between law enforcement agencies and members of the community to address crime and disorder problems, and otherwise to enhance public safety.","",,H.R. 3355,http://hdl.loc.gov/loc.uscongress/legislation.103hr3355,May 19
103,2,124 (66-32),http://www.senate.gov/legislative/LIS/roll_call_lists/roll_call_vote_cfm.cfm?congress=103&session=2&vote=00124,Agreed to,"On the Motion: Gramm Motion to Instruct Conferees re: H.R. 3355; A bill to amend the Omnibus Crime Control and Safe Streets Act of 1968 to allow grants to increase police presence, to expand and improve cooperative efforts between law enforcement agencies and members of the community to address crime and disorder problems, and otherwise to enhance public safety.","",,H.R. 3355,http://hdl.loc.gov/loc.uscongress/legislation.103hr3355,May 19
103,2,123 (74-22),http://www.senate.gov/legislative/LIS/roll_call_lists/roll_call_vote_cfm.cfm?congress=103&session=2&vote=00123,Agreed to,"On the Motion: Conrad-Mack Motion to Instruct Conferees re: H.R. 3355; A bill to amend the Omnibus Crime Control and Safe Streets Act of 1968 to allow grants to increase police presence, to expand and improve cooperative efforts between law enforcement agencies and members of the community to address crime and disorder problems, and otherwise to enhance public safety.","",,H.R. 3355,http://hdl.loc.gov/loc.uscongress/legislation.103hr3355,May 19
103,2,120 (65-34),http://www.senate.gov/legislative/LIS/roll_call_lists/roll_call_vote_cfm.cfm?congress=103&session=2&vote=00120,Agreed to,"On the Motion to Table S.Amdt. 1722: Motion to Table Johnston Amdt. No. 1722; To provide for the energy security of the Nation through encouraging the production of domestic oil and gas resources in deep water on the Outer Continental Shelf in the Gulf of Mexico, and for other purposes.",S.Amdt. 1722,http://hdl.loc.gov/loc.uscongress/legislation.103samdt1722,S. 2019,http://hdl.loc.gov/loc.uscongress/legislation.103s2019,May 18
103,2,118 (52-46),http://www.senate.gov/legislative/LIS/roll_call_lists/roll_call_vote_cfm.cfm?congress=103&session=2&vote=00118,Agreed to,On the Motion to Table S.Amdt. 1728: Motion to table Smith Amdt. No. 1728; To exempt from the labor standards requirements assistance derived from repayments to the State loan fund.,S.Amdt. 1728,http://hdl.loc.gov/loc.uscongress/legislation.103samdt1728,S. 2019,http://hdl.loc.gov/loc.uscongress/legislation.103s2019,May 18
103,2,117 (90-8),http://www.senate.gov/legislative/LIS/roll_call_lists/roll_call_vote_cfm.cfm?congress=103&session=2&vote=00117,Agreed to,On the Amendment S.Amdt. 1720: Johnston Amdt. No. 1720; To require risk assessment and cost-benefit analysis regarding major human health or environmental regulations promulgated by the Environmental Protection Agency.,S.Amdt. 1720,http://hdl.loc.gov/loc.uscongress/legislation.103samdt1720,S. 2019,http://hdl.loc.gov/loc.uscongress/legislation.103s2019,May 18
103,2,115 (56-43),http://www.senate.gov/legislative/LIS/roll_call_lists/roll_call_vote_cfm.cfm?congress=103&session=2&vote=00115,Agreed to,On the Motion to Table S.Amdt. 1712: Motion to Table Gregg Amdt. No. 1712; To prohibit the assessment or collection of penalties against a community if the noncompliance of the community with the Safe Drinking Water Act results from an unfunded Federal mandate.,S.Amdt. 1712,http://hdl.loc.gov/loc.uscongress/legislation.103samdt1712,S. 2019,http://hdl.loc.gov/loc.uscongress/legislation.103s2019,May 17
103,2,114 (75-23),http://www.senate.gov/legislative/LIS/roll_call_lists/roll_call_vote_cfm.cfm?congress=103&session=2&vote=00114,Agreed to,On the Motion to Table S.Amdt. 1711: Motion to Table DeConcini Amdt. No. 1711; To provide for the transfer of funds for the construction of a treatment works to provide treatment of municipal sewage and industrial waste in the United States-Mexico border area.,S.Amdt. 1711,http://hdl.loc.gov/loc.uscongress/legislation.103samdt1711,S. 2019,http://hdl.loc.gov/loc.uscongress/legislation.103s2019,May 17
103,2,113 (53-46),http://www.senate.gov/legislative/LIS/roll_call_lists/roll_call_vote_cfm.cfm?congress=103&session=2&vote=00113,Agreed to,"On the Conference Report: h.con.res.218; A concurrent resolution setting forth the congressional budget for the United States Government for fiscal years 1995, 1996, 1997, 1998, and 1999.","",,H.Con.Res. 218,http://hdl.loc.gov/loc.uscongress/legislation.103hconres218,May 12
103,2,112 (69-30),http://www.senate.gov/legislative/LIS/roll_call_lists/roll_call_vote_cfm.cfm?congress=103&session=2&vote=00112,Agreed to,"On the Conference Report: conference report to accompany s.636; A bill to amend the Public Health Service Act to permit individuals to have freedom of access to certain medical clinics and facilities, and for other purposes.","",,S. 636,http://hdl.loc.gov/loc.uscongress/legislation.103s636,May 12
103,2,111 (50-49),http://www.senate.gov/legislative/LIS/roll_call_lists/roll_call_vote_cfm.cfm?congress=103&session=2&vote=00111,Agreed to,On the Amendment S.Amdt. 1695: dole amdt no. 1695; To provide for the termination of the United States arms embargo of the Government of Bosnia and Herzegovina.,S.Amdt. 1695,http://hdl.loc.gov/loc.uscongress/legislation.103samdt1695,S. 2042,http://hdl.loc.gov/loc.uscongress/legislation.103s2042,May 12
103,2,110 (50-49),http://www.senate.gov/legislative/LIS/roll_call_lists/roll_call_vote_cfm.cfm?congress=103&session=2&vote=00110,Agreed to,"On the Amendment S.Amdt. 1696: mitchell amdt no.1696 as modified; To approve and authorize the use of United States airpower to implement the North Atlantic Treaty Organization (NATO) exclusion zones around the U.N. designated safe areas in Bosnia-Herzegovina, to protect UNPROFOR forces, and to seek the removal of the arms embargo of the Government of Bosnia-Herzegovina.",S.Amdt. 1696,http://hdl.loc.gov/loc.uscongress/legislation.103samdt1696,S. 2042,http://hdl.loc.gov/loc.uscongress/legislation.103s2042,May 12
103,2,109 (98-1),http://www.senate.gov/legislative/LIS/roll_call_lists/roll_call_vote_cfm.cfm?congress=103&session=2&vote=00109,Agreed to,"On the Conference Report: Conference Report to S. 2000; A bill to authorize appropriations for fiscal years 1995 through 1998 to carry out the Head Start Act and the Community Services Block Grant Act, and for other purposes.","",,S. 2000,http://hdl.loc.gov/loc.uscongress/legislation.103s2000,May 11
103,2,106 (58-41),http://www.senate.gov/legislative/LIS/roll_call_lists/roll_call_vote_cfm.cfm?congress=103&session=2&vote=00106,Agreed to,On the Amendment S.Amdt. 1685: D'Amato Amdt. No. 1685; To express the sense of the Senate concerning the Racial Justice Act.,S.Amdt. 1685,http://hdl.loc.gov/loc.uscongress/legislation.103samdt1685,S. 1935,http://hdl.loc.gov/loc.uscongress/legislation.103s1935,May 11
103,2,104 (66-29),http://www.senate.gov/legislative/LIS/roll_call_lists/roll_call_vote_cfm.cfm?congress=103&session=2&vote=00104,Agreed to,"On the Amendment S.Amdt. 1679: murkowski amdt no. 1679; To prohibit the acceptance of any gift, directly or indirectly, from a political action committee.",S.Amdt. 1679,http://hdl.loc.gov/loc.uscongress/legislation.103samdt1679,S. 1935,http://hdl.loc.gov/loc.uscongress/legislation.103s1935,May 05
103,2,102 (90-3),http://www.senate.gov/legislative/LIS/roll_call_lists/roll_call_vote_cfm.cfm?congress=103&session=2&vote=00102,Agreed to,"On the Amendment S.Amdt. 1678: bumpers amdt no. 1678, as modified; To prohibit the provision of gifts and other benefits from non-lobbyists to members of Congress and their staff.",S.Amdt. 1678,http://hdl.loc.gov/loc.uscongress/legislation.103samdt1678,S. 1935,http://hdl.loc.gov/loc.uscongress/legislation.103s1935,May 05
103,2,99 (77-21),http://www.senate.gov/legislative/LIS/roll_call_lists/roll_call_vote_cfm.cfm?congress=103&session=2&vote=00099,Agreed to,On the Motion to Table S.Amdt. 1671: Motion to Table Simon Amdt. No. 1671; To establish a Privacy Protection Commission.,S.Amdt. 1671,http://hdl.loc.gov/loc.uscongress/legislation.103samdt1671,S. 783,http://hdl.loc.gov/loc.uscongress/legislation.103s783,May 04
103,2,98 (88-9),http://www.senate.gov/legislative/LIS/roll_call_lists/roll_call_vote_cfm.cfm?congress=103&session=2&vote=00098,Agreed to,On the Amendment S.Amdt. 1668: Lieberman Amdt. No. 1668 as amended; To express the sense of the Senate that the Financial Accounting Standards Board should maintain the current accounting treatment of employee stock options and employee stock purchase plans.,S.Amdt. 1668,http://hdl.loc.gov/loc.uscongress/legislation.103samdt1668,S. 783,http://hdl.loc.gov/loc.uscongress/legislation.103s783,May 03
103,2,97 (94-2),http://www.senate.gov/legislative/LIS/roll_call_lists/roll_call_vote_cfm.cfm?congress=103&session=2&vote=00097,Agreed to,On the Amendment S.Amdt. 1669: Levin Amdt. No. 1669; To express the sense of the Senate regarding the protection of accounting principles.,S.Amdt. 1669,http://hdl.loc.gov/loc.uscongress/legislation.103samdt1669,S. 783,http://hdl.loc.gov/loc.uscongress/legislation.103s783,May 03
103,2,95 (60-34),http://www.senate.gov/legislative/LIS/roll_call_lists/roll_call_vote_cfm.cfm?congress=103&session=2&vote=00095,Agreed to,"On the Motion to Table S.Amdt. 1637: motion to table Reid amdt.; To amend section 109 of title 11, United States Code, to preclude a person from being a debtor under chapter 13 of that title if the person has previously been such a debtor within 3 years.",S.Amdt. 1637,http://hdl.loc.gov/loc.uscongress/legislation.103samdt1637,S. 540,http://hdl.loc.gov/loc.uscongress/legislation.103s540,Apr 20
103,2,86 (63-22),http://www.senate.gov/legislative/LIS/roll_call_lists/roll_call_vote_cfm.cfm?congress=103&session=2&vote=00086,Agreed to,"On the Conference Report: conference report h.r.1804; A bill to improve learning and teaching by providing a national framework for education reform; to promote the research, consensus building, and systemic changes needed to ensure equitable educational opportunities and high levels of educational achievement for all American students; to provide a framework for reauthorization of all Federal education programs; to promote the development and adoption of a voluntary national system of skill standards and certifications, and for other purposes.","",,H.R. 1804,http://hdl.loc.gov/loc.uscongress/legislation.103hr1804,Mar 26
103,2,85 (62-23),http://www.senate.gov/legislative/LIS/roll_call_lists/roll_call_vote_cfm.cfm?congress=103&session=2&vote=00085,Agreed to,"On the Cloture Motion: cloture motion re:conf. rept. on h.r.1804; A bill to improve learning and teaching by providing a national framework for education reform; to promote the research, consensus building, and systemic changes needed to ensure equitable educational opportunities and high levels of educational achievement for all American students; to provide a framework for reauthorization of all Federal education programs; to promote the development and adoption of a voluntary national system of skill standards and certifications, and for other purposes.","",,H.R. 1804,http://hdl.loc.gov/loc.uscongress/legislation.103hr1804,Mar 26
103,2,84 (75-9),http://www.senate.gov/legislative/LIS/roll_call_lists/roll_call_vote_cfm.cfm?congress=103&session=2&vote=00084,Agreed to,"On the Motion for Attendance: motion to instruct sergeant-at-arms; A bill to improve learning and teaching by providing a national framework for education reform; to promote the research, consensus building, and systemic changes needed to ensure equitable educational opportunities and high levels of educational achievement for all American students; to provide a framework for reauthorization of all Federal education programs; to promote the development and adoption of a voluntary national system of skill standards and certifications, and for other purposes.","",,H.R. 1804,http://hdl.loc.gov/loc.uscongress/legislation.103hr1804,Mar 26
103,2,83 (83-12),http://www.senate.gov/legislative/LIS/roll_call_lists/roll_call_vote_cfm.cfm?congress=103&session=2&vote=00083,Agreed to,"On the Motion to Proceed: Motion to Proceed to Conference Report on H.R.1804; A bill to improve learning and teaching by providing a national framework for education reform; to promote the research, consensus building, and systemic changes needed to ensure equitable educational opportunities and high levels of educational achievement for all American students; to provide a framework for reauthorization of all Federal education programs; to promote the development and adoption of a voluntary national system of skill standards and certifications, and for other purposes.","",,H.R. 1804,http://hdl.loc.gov/loc.uscongress/legislation.103hr1804,Mar 25
103,2,82 (57-40),http://www.senate.gov/legislative/LIS/roll_call_lists/roll_call_vote_cfm.cfm?congress=103&session=2&vote=00082,Agreed to,"On the Concurrent Resolution: H.CON.RES.218; A concurrent resolution setting forth the congressional budget for the United States Government for fiscal years 1995, 1996, 1997, 1998, and 1999.","",,H.Con.Res. 218,http://hdl.loc.gov/loc.uscongress/legislation.103hconres218,Mar 25
103,2,77 (99-1),http://www.senate.gov/legislative/LIS/roll_call_lists/roll_call_vote_cfm.cfm?congress=103&session=2&vote=00077,Agreed to,"On the Conference Report: Conference report H.R.3345; A bill to amend title 5, United States Code, to eliminate certain restrictions on employee training; to provide temporary authority to agencies relating to voluntary separation incentive payments, and for other purposes.","",,H.R. 3345,http://hdl.loc.gov/loc.uscongress/legislation.103hr3345,Mar 24
103,2,76 (63-36),http://www.senate.gov/legislative/LIS/roll_call_lists/roll_call_vote_cfm.cfm?congress=103&session=2&vote=00076,Agreed to,"On the Cloture Motion: cloture motion on the conference report to accompany h.r.3345; A bill to amend title 5, United States Code, to eliminate certain restrictions on employee training; to provide temporary authority to agencies relating to voluntary separation incentive payments, and for other purposes.","",,H.R. 3345,http://hdl.loc.gov/loc.uscongress/legislation.103hr3345,Mar 24
103,2,73 (57-42),http://www.senate.gov/legislative/LIS/roll_call_lists/roll_call_vote_cfm.cfm?congress=103&session=2&vote=00073,Agreed to,On the Amendment S.Amdt. 1571: mack amdt no. 1571; To express the sense of the Senate supporting a balanced budget and the creation of a Spending Reduction Commission to achieve this goal.,S.Amdt. 1571,http://hdl.loc.gov/loc.uscongress/legislation.103samdt1571,S.Con.Res. 63,http://hdl.loc.gov/loc.uscongress/legislation.103sconres63,Mar 24
103,2,71 (62-29),http://www.senate.gov/legislative/LIS/roll_call_lists/roll_call_vote_cfm.cfm?congress=103&session=2&vote=00071,Agreed to,"On the Motion to Proceed: Motion to Proceed to the Conf. Rpt. to H.R.3345; A bill to amend title 5, United States Code, to eliminate certain restrictions on employee training; to provide temporary authority to agencies relating to voluntary separation incentive payments, and for other purposes.","",,H.R. 3345,http://hdl.loc.gov/loc.uscongress/legislation.103hr3345,Mar 24
103,2,70 (60-31),http://www.senate.gov/legislative/LIS/roll_call_lists/roll_call_vote_cfm.cfm?congress=103&session=2&vote=00070,Agreed to,"On the Motion to Proceed: Motion to Proceed to Conf. Rpt. on H.R.1804; A bill to improve learning and teaching by providing a national framework for education reform; to promote the research, consensus building, and systemic changes needed to ensure equitable educational opportunities and high levels of educational achievement for all American students; to provide a framework for reauthorization of all Federal education programs; to promote the development and adoption of a voluntary national system of skill standards and certifications, and for other purposes.","",,H.R. 1804,http://hdl.loc.gov/loc.uscongress/legislation.103hr1804,Mar 24
103,2,68 (93-5),http://www.senate.gov/legislative/LIS/roll_call_lists/roll_call_vote_cfm.cfm?congress=103&session=2&vote=00068,Agreed to,On the Amendment S.Amdt. 1562: Boxer Amdt. No. 1562; To increase funding for children's programs.,S.Amdt. 1562,http://hdl.loc.gov/loc.uscongress/legislation.103samdt1562,S.Con.Res. 63,http://hdl.loc.gov/loc.uscongress/legislation.103sconres63,Mar 23
103,2,65 (97-1),http://www.senate.gov/legislative/LIS/roll_call_lists/roll_call_vote_cfm.cfm?congress=103&session=2&vote=00065,Agreed to,On the Amendment S.Amdt. 1559: Gorton amdt. no. 1559; To restore the Edward Byrne formula grants by reducing all agencies furniture accounts.,S.Amdt. 1559,http://hdl.loc.gov/loc.uscongress/legislation.103samdt1559,S.Con.Res. 63,http://hdl.loc.gov/loc.uscongress/legislation.103sconres63,Mar 22
103,2,62 (98-0),http://www.senate.gov/legislative/LIS/roll_call_lists/roll_call_vote_cfm.cfm?congress=103&session=2&vote=00062,Agreed to,On the Amendment S.Amdt. 1547: mitchell-dole amdt no. 1547; To express the sense of the Senate that Congress has a constitutional obligation to conduct oversight of matters relating to the operations of the government.,S.Amdt. 1547,http://hdl.loc.gov/loc.uscongress/legislation.103samdt1547,S. 1275,http://hdl.loc.gov/loc.uscongress/legislation.103s1275,Mar 17
103,2,57 (82-0),http://www.senate.gov/legislative/LIS/roll_call_lists/roll_call_vote_cfm.cfm?congress=103&session=2&vote=00057,Agreed to,"On the Amendment S.Amdt. 1497: Kempthorne Amdt. No. 1497; To provide an exemption from citation by the Secretary of Labor under the Occupational Safety and Health Act to employers of individuals who perform rescues of individuals in imminent danger as a result of a life threatening accident, and for other purposes.",S.Amdt. 1497,http://hdl.loc.gov/loc.uscongress/legislation.103samdt1497,S. 4,http://hdl.loc.gov/loc.uscongress/legislation.103s4,Mar 11
103,2,56 (90-2),http://www.senate.gov/legislative/LIS/roll_call_lists/roll_call_vote_cfm.cfm?congress=103&session=2&vote=00056,Agreed to,On the Amendment S.Amdt. 1495: gramm amdt no. 1495; To establish a Violent Crime Reduction Trust Fund.,S.Amdt. 1495,http://hdl.loc.gov/loc.uscongress/legislation.103samdt1495,H.R. 3345,http://hdl.loc.gov/loc.uscongress/legislation.103hr3345,Mar 11
103,2,55 (49-43),http://www.senate.gov/legislative/LIS/roll_call_lists/roll_call_vote_cfm.cfm?congress=103&session=2&vote=00055,Agreed to,On the Motion to Table S.Amdt. 1494: Motion to table; To reduce the amount of new spending authorized.,S.Amdt. 1494,http://hdl.loc.gov/loc.uscongress/legislation.103samdt1494,S. 4,http://hdl.loc.gov/loc.uscongress/legislation.103s4,Mar 10
103,2,54 (94-0),http://www.senate.gov/legislative/LIS/roll_call_lists/roll_call_vote_cfm.cfm?congress=103&session=2&vote=00054,Agreed to,On the Amendment S.Amdt. 1492: Brown Amdt. No. 1492; To make it a felony for persons awarding contracts to solicit campaign contributions from persons receiving the contracts.,S.Amdt. 1492,http://hdl.loc.gov/loc.uscongress/legislation.103samdt1492,S. 4,http://hdl.loc.gov/loc.uscongress/legislation.103s4,Mar 10
103,2,52 (56-42),http://www.senate.gov/legislative/LIS/roll_call_lists/roll_call_vote_cfm.cfm?congress=103&session=2&vote=00052,Agreed to,"On the Motion to Table S.Amdt. 1486: motion to table simpson amdt no. 1486; To promote industrial competitiveness and economic growth in the United States by providing for Federal regulatory reform, and for other purposes.",S.Amdt. 1486,http://hdl.loc.gov/loc.uscongress/legislation.103samdt1486,S. 4,http://hdl.loc.gov/loc.uscongress/legislation.103s4,Mar 10
103,2,51 (57-41),http://www.senate.gov/legislative/LIS/roll_call_lists/roll_call_vote_cfm.cfm?congress=103&session=2&vote=00051,Agreed to,On the Motion to Table S.Amdt. 1482: Motion to Table Danforth Amdt. No. 1482; To make permanent the research and development tax credit.,S.Amdt. 1482,http://hdl.loc.gov/loc.uscongress/legislation.103samdt1482,S. 4,http://hdl.loc.gov/loc.uscongress/legislation.103s4,Mar 09
103,2,44 (55-39),http://www.senate.gov/legislative/LIS/roll_call_lists/roll_call_vote_cfm.cfm?congress=103&session=2&vote=00044,Agreed to,On the Motion to Table S.Amdt. 1461: motion to table mcconnell amdt no. 1461; To express the sense of the Senate relating to a report on whether the contents of personnel files of Bush Administration political appointees had been improperly released to the public.,S.Amdt. 1461,http://hdl.loc.gov/loc.uscongress/legislation.103samdt1461,H.R. 3759,http://hdl.loc.gov/loc.uscongress/legislation.103hr3759,Feb 10
103,2,36 (95-0),http://www.senate.gov/legislative/LIS/roll_call_lists/roll_call_vote_cfm.cfm?congress=103&session=2&vote=00036,Agreed to,On the Amendment S.Amdt. 1442: D'Amato Amdt. No. 1442; To extend the RTC civil statute of limitations.,S.Amdt. 1442,http://hdl.loc.gov/loc.uscongress/legislation.103samdt1442,H.R. 3759,http://hdl.loc.gov/loc.uscongress/legislation.103hr3759,Feb 09
103,2,35 (65-31),http://www.senate.gov/legislative/LIS/roll_call_lists/roll_call_vote_cfm.cfm?congress=103&session=2&vote=00035,Agreed to,"On the Motion to Table S.Amdt. 1440: Motion to Table Kerrey Amdt. No.1440; To provide a more effective, efficient, and responsive Government.",S.Amdt. 1440,http://hdl.loc.gov/loc.uscongress/legislation.103samdt1440,H.R. 3759,http://hdl.loc.gov/loc.uscongress/legislation.103hr3759,Feb 09
103,2,31 (50-43),http://www.senate.gov/legislative/LIS/roll_call_lists/roll_call_vote_cfm.cfm?congress=103&session=2&vote=00031,Agreed to,On the Motion to Table S.Amdt. 1429: motion to table gorton amdt n. 1429; To amend the Job Training Partnership Act to encourage the placement of youths in private sector jobs under the Summer Youth Employment and Training Program.,S.Amdt. 1429,http://hdl.loc.gov/loc.uscongress/legislation.103samdt1429,S. 1361,http://hdl.loc.gov/loc.uscongress/legislation.103s1361,Feb 08
103,2,30 (93-0),http://www.senate.gov/legislative/LIS/roll_call_lists/roll_call_vote_cfm.cfm?congress=103&session=2&vote=00030,Agreed to,"On the Amendment S.Amdt. 1420: jeffords amdt no. 1420; To express the sense of the Senate that the Federal Government should provide States and communities with adequate resources under the Individuals with Disabilities Education Act as soon as reasonably possible, through the reallocation of funds within the current budget constraints.",S.Amdt. 1420,http://hdl.loc.gov/loc.uscongress/legislation.103samdt1420,S. 1150,http://hdl.loc.gov/loc.uscongress/legislation.103s1150,Feb 08
103,2,29 (91-2),http://www.senate.gov/legislative/LIS/roll_call_lists/roll_call_vote_cfm.cfm?congress=103&session=2&vote=00029,Agreed to,On the Amendment S.Amdt. 1393: kennedy amdt no. 1393; To ensure that all federally funded programs which provide for the distribution of contraceptive devices to unemancipated minors develop procedures to encourage family participation in such programs.,S.Amdt. 1393,http://hdl.loc.gov/loc.uscongress/legislation.103samdt1393,S. 1150,http://hdl.loc.gov/loc.uscongress/legislation.103s1150,Feb 08
103,2,26 (93-0),http://www.senate.gov/legislative/LIS/roll_call_lists/roll_call_vote_cfm.cfm?congress=103&session=2&vote=00026,Agreed to,"On the Amendment S.Amdt. 1388: grassley amdt no. 1388; To prohibit the use of certain funds for activities related to a student's personal values, attitudes, beliefs, or sexual behavior without certain consent, notification, access to information, and an opportunity for a hearing; to provide for enforcement of such prohibition; and to require the Secretary of Education to designate or establish an office and review board within the Department of Education.",S.Amdt. 1388,http://hdl.loc.gov/loc.uscongress/legislation.103samdt1388,S. 1150,http://hdl.loc.gov/loc.uscongress/legislation.103s1150,Feb 08
103,2,24 (78-8),http://www.senate.gov/legislative/LIS/roll_call_lists/roll_call_vote_cfm.cfm?congress=103&session=2&vote=00024,Agreed to,On the Amendment S.Amdt. 1383: Danforth amdt. no. 1383; To express the sense of the Senate that local educational agencies should encourage a brief period of daily silence for students for the purpose of contemplating their aspirations.,S.Amdt. 1383,http://hdl.loc.gov/loc.uscongress/legislation.103samdt1383,S. 1150,http://hdl.loc.gov/loc.uscongress/legislation.103s1150,Feb 04
103,2,22 (75-22),http://www.senate.gov/legislative/LIS/roll_call_lists/roll_call_vote_cfm.cfm?congress=103&session=2&vote=00022,Agreed to,On the Amendment S.Amdt. 1382: helms amdt no 1382 (as amended); To prohibit the use of funds to any state or local educational agency which has a policy of denying prayer in public schools by individuals on a voluntary basis.,S.Amdt. 1382,http://hdl.loc.gov/loc.uscongress/legislation.103samdt1382,S. 1150,http://hdl.loc.gov/loc.uscongress/legislation.103s1150,Feb 03
103,2,21 (97-0),http://www.senate.gov/legislative/LIS/roll_call_lists/roll_call_vote_cfm.cfm?congress=103&session=2&vote=00021,Agreed to,"On the Amendment S.Amdt. 1377: Hatfield Amdt. No. 1377; To encourage and assist States, local educational agencies, and schools in their comprehensive educational reform efforts by allowing flexibility in the application of selected Federal statutory or regulatory requirements that present barriers to education restructuring and reform.",S.Amdt. 1377,http://hdl.loc.gov/loc.uscongress/legislation.103samdt1377,S. 1150,http://hdl.loc.gov/loc.uscongress/legislation.103s1150,Feb 03
103,2,19 (97-0),http://www.senate.gov/legislative/LIS/roll_call_lists/roll_call_vote_cfm.cfm?congress=103&session=2&vote=00019,Agreed to,"On the Amendment S.Amdt. 1368: Danforth Amdt. No. 1368; To express the sense of the Senate that the speech made by Mr. Khalid Abdul Mohammed at Kean College on November 29, 1993 was false, anti-Semitic, racist, divisive, repugnant and a disservice to all Americans and is therefore condemned.",S.Amdt. 1368,http://hdl.loc.gov/loc.uscongress/legislation.103samdt1368,S. 1150,http://hdl.loc.gov/loc.uscongress/legislation.103s1150,Feb 02
103,2,17 (66-34),http://www.senate.gov/legislative/LIS/roll_call_lists/roll_call_vote_cfm.cfm?congress=103&session=2&vote=00017,Agreed to,On the Motion to Table S.Amdt. 1315: motion to table lott amdt no. 1315; Prohibition on security assistance for countries that consistently oppose the United States position in the United Nations General Assembly.,S.Amdt. 1315,http://hdl.loc.gov/loc.uscongress/legislation.103samdt1315,S. 1281,http://hdl.loc.gov/loc.uscongress/legislation.103s1281,Feb 02
103,2,16 (61-39),http://www.senate.gov/legislative/LIS/roll_call_lists/roll_call_vote_cfm.cfm?congress=103&session=2&vote=00016,Agreed to,On the Amendment S.Amdt. 1335: Kerry Amdt. No. 1335; In the nature of a substitute.,S.Amdt. 1335,http://hdl.loc.gov/loc.uscongress/legislation.103samdt1335,S. 1281,http://hdl.loc.gov/loc.uscongress/legislation.103s1281,Feb 01
103,2,15 (51-49),http://www.senate.gov/legislative/LIS/roll_call_lists/roll_call_vote_cfm.cfm?congress=103&session=2&vote=00015,Agreed to,On the Motion to Table S.Amdt. 1320: Motion to Table Helms Amdt. No. 1320; To maintain the current number of Assistant Secretaries of State and State Department officials compensated at level IV of the Executive Schedule.,S.Amdt. 1320,http://hdl.loc.gov/loc.uscongress/legislation.103samdt1320,S. 1281,http://hdl.loc.gov/loc.uscongress/legislation.103s1281,Feb 01
103,2,14 (85-15),http://www.senate.gov/legislative/LIS/roll_call_lists/roll_call_vote_cfm.cfm?congress=103&session=2&vote=00014,Agreed to,On the Amendment S.Amdt. 1327: lautenberg amdt no. 1327; To extend certain adjudication provisions.,S.Amdt. 1327,http://hdl.loc.gov/loc.uscongress/legislation.103samdt1327,S. 1281,http://hdl.loc.gov/loc.uscongress/legislation.103s1281,Feb 01
103,2,13 (96-1),http://www.senate.gov/legislative/LIS/roll_call_lists/roll_call_vote_cfm.cfm?congress=103&session=2&vote=00013,Agreed to,"On the Amendment S.Amdt. 1318: cohen amdt no. 1318; To encourage Germany to assume full and active participation in international peacekeeping activities, and for other purposes.",S.Amdt. 1318,http://hdl.loc.gov/loc.uscongress/legislation.103samdt1318,S. 1281,http://hdl.loc.gov/loc.uscongress/legislation.103s1281,Feb 01
103,2,12 (93-0),http://www.senate.gov/legislative/LIS/roll_call_lists/roll_call_vote_cfm.cfm?congress=103&session=2&vote=00012,Agreed to,On the Amendment S.Amdt. 1286: Brown Amdt. No. 1286; To prohibit the sale of defense articles and defense services to countries that participate in the secondary and tertiary boycott of Israel.,S.Amdt. 1286,http://hdl.loc.gov/loc.uscongress/legislation.103samdt1286,S. 1281,http://hdl.loc.gov/loc.uscongress/legislation.103s1281,Jan 28
103,2,11 (60-33),http://www.senate.gov/legislative/LIS/roll_call_lists/roll_call_vote_cfm.cfm?congress=103&session=2&vote=00011,Agreed to,"On the Motion to Table S.Amdt. 1287: motion to table specter amdt no. 1287; To require that bilateral assistance and international lending be collateralized by petroleum products, minerals or other commodities.",S.Amdt. 1287,http://hdl.loc.gov/loc.uscongress/legislation.103samdt1287,S. 1281,http://hdl.loc.gov/loc.uscongress/legislation.103s1281,Jan 28
103,2,10 (91-3),http://www.senate.gov/legislative/LIS/roll_call_lists/roll_call_vote_cfm.cfm?congress=103&session=2&vote=00010,Agreed to,"On the Amendment S.Amdt. 1278: helms amdt no. 1278, as modified; To prevent the U.S. from joining any international criminal court which fails to protect the Fourth Amendment rights of American citizens.",S.Amdt. 1278,http://hdl.loc.gov/loc.uscongress/legislation.103samdt1278,S. 1281,http://hdl.loc.gov/loc.uscongress/legislation.103s1281,Jan 27
103,2,9 (94-3),http://www.senate.gov/legislative/LIS/roll_call_lists/roll_call_vote_cfm.cfm?congress=103&session=2&vote=00009,Agreed to,"On the Amendment S.Amdt. 1280: mcconnell amdt no. 1280, as modified; In the nature of a substitute.",S.Amdt. 1280,http://hdl.loc.gov/loc.uscongress/legislation.103samdt1280,S. 1281,http://hdl.loc.gov/loc.uscongress/legislation.103s1281,Jan 27
103,2,8 (87-9),http://www.senate.gov/legislative/LIS/roll_call_lists/roll_call_vote_cfm.cfm?congress=103&session=2&vote=00008,Agreed to,"On the Amendment S.Amdt. 1281: dole amdt. no. 1281; To express the sense of the Senate regarding termination of the United States arms embargo of the Government of Bosnia and Herzegovina, and for other purposes.",S.Amdt. 1281,http://hdl.loc.gov/loc.uscongress/legislation.103samdt1281,S. 1281,http://hdl.loc.gov/loc.uscongress/legislation.103s1281,Jan 27
103,2,5 (62-38),http://www.senate.gov/legislative/LIS/roll_call_lists/roll_call_vote_cfm.cfm?congress=103&session=2&vote=00005,Agreed to,On the Amendment S.Amdt. 1263: kerry amdt no. 1263; In the nature of a substitute.,S.Amdt. 1263,http://hdl.loc.gov/loc.uscongress/legislation.103samdt1263,S. 1281,http://hdl.loc.gov/loc.uscongress/legislation.103s1281,Jan 27
103,2,4 (93-6),http://www.senate.gov/legislative/LIS/roll_call_lists/roll_call_vote_cfm.cfm?congress=103&session=2&vote=00004,Agreed to,On the Amendment S.Amdt. 1253: Pressler Amdt. No. 1253 as modified; Relating to United Nations budgetary and management reform.,S.Amdt. 1253,http://hdl.loc.gov/loc.uscongress/legislation.103samdt1253,S. 1281,http://hdl.loc.gov/loc.uscongress/legislation.103s1281,Jan 26
103,2,3 (55-45),http://www.senate.gov/legislative/LIS/roll_call_lists/roll_call_vote_cfm.cfm?congress=103&session=2&vote=00003,Agreed to,On the Motion to Table S.Amdt. 1254: Motion to Table Helms Amdt. No. 1254; To strike all language in Section 170A relating to support for an international criminal court.,S.Amdt. 1254,http://hdl.loc.gov/loc.uscongress/legislation.103samdt1254,S. 1281,http://hdl.loc.gov/loc.uscongress/legislation.103s1281,Jan 26
103,2,2 (99-0),http://www.senate.gov/legislative/LIS/roll_call_lists/roll_call_vote_cfm.cfm?congress=103&session=2&vote=00002,Agreed to,"On the Amendment S.Amdt. 1248: Helms Amdt. No. 1248; To withhold funds for fiscal years 1994 and 1995 from the funds authorized to be appropriated for ""Contributions for International Organizations"" until the President certifies that no United Nations Agency or United Nations-affiliated agency grants any recognition to an organization that condones pedophilia.",S.Amdt. 1248,http://hdl.loc.gov/loc.uscongress/legislation.103samdt1248,S. 1281,http://hdl.loc.gov/loc.uscongress/legislation.103s1281,Jan 26
103,2,1 (100-0),http://www.senate.gov/legislative/LIS/roll_call_lists/roll_call_vote_cfm.cfm?congress=103&session=2&vote=00001,Agreed to,On the Motion for Attendance: Motion to Instruct Sgt-At-Arms,"",,"",,Jan 25
